accuracy,attack,attack_interval_count,attack_interval_detection_rate,benign_false_positive_count,continuous_alert_segments,detected_attack_intervals,detection_delay_rows,f1,first_attack_evaluation_index,first_attack_raw_index,first_detection_evaluation_index,first_detection_raw_index,fn,fnr,fp,fpr,k,pr_auc,precision,recall,roc_auc,specificity,threshold_method,threshold_value,tn,tp
0.9190143262541194,mirai,1,1.0,56620,1,1,0,0.957798296428582,56620,121621,56620,121621,0,0.0,56620,1.0,0.25,0.9999999999951554,0.9190143262541194,1.0,0.9999999999450236,0.0,q99,5238.813628397855,0,642516
0.9190143262541194,mirai,1,1.0,56620,1,1,0,0.957798296428582,56620,121621,56620,121621,0,0.0,56620,1.0,0.25,0.9999999999951554,0.9190143262541194,1.0,0.9999999999450236,0.0,q99_5,5265.469064745568,0,642516
0.9190143262541194,mirai,1,1.0,56620,1,1,0,0.957798296428582,56620,121621,56620,121621,0,0.0,56620,1.0,0.25,0.9999999999951554,0.9190143262541194,1.0,0.9999999999450236,0.0,q99_9,5296.456200871298,0,642516
0.9197109003112413,mirai,1,1.0,56133,8,1,0,0.9581460894073437,56620,121621,56620,121621,0,0.0,56133,0.9913987990109502,0.5,0.9999999999563982,0.9196549340226637,1.0,0.9999999995052126,0.008601200989049805,q99,2911.8920322826816,487,642516
0.9198267575979495,mirai,1,1.0,56052,5,1,0,0.9582039603783208,56620,121621,56620,121621,0,0.0,56052,0.9899682091133875,0.5,0.9999999999563982,0.9197615693819357,1.0,0.9999999995052126,0.010031790886612504,q99_5,2918.7987857957573,568,642516
0.9198768193885024,mirai,1,1.0,56017,9,1,0,0.9582289685164375,56620,121621,56620,121621,0,0.0,56017,0.989350052984811,0.5,0.9999999999563982,0.9198076540406824,1.0,0.9999999995052126,0.010649947015188978,q99_9,2921.3076046448505,603,642516
0.9667332250091542,mirai,1,1.0,22646,8,1,612,0.9822059482841724,56620,121621,57232,122233,612,0.0009525054628989783,22646,0.3999646767926528,1.0,0.9999444486836542,0.9659228049055752,0.9990474945371011,0.9993465442489458,0.6000353232073472,q99,1066.2521635252506,33974,641904
0.9668347789271329,mirai,1,1.0,22575,7,1,612,0.9822593047410281,56620,121621,57232,122233,612,0.0009525054628989783,22575,0.3987107029318262,1.0,0.9999444486836542,0.9660260143661425,0.9990474945371011,0.9993465442489458,0.6012892970681738,q99_5,1073.4766542771338,34045,641904
0.9669620789088246,mirai,1,1.0,22486,8,1,612,0.9823261963752558,56620,121621,57232,122233,612,0.0009525054628989783,22486,0.3971388202048746,1.0,0.9999444486836542,0.9661554207619019,0.9990474945371011,0.9993465442489458,0.6028611797951254,q99_9,1080.2931855439056,34134,641904
0.04023639648467404,os_scan,34069,1.0,1567150,1,34069,0,0.07736010126284183,1249657,1314658,1249657,1314658,0,0.0,1567150,1.0,0.25,0.10239861162242156,0.04023639648467404,1.0,0.8292617540367294,0.0,q99,3038.873681231947,0,65700
0.04023639648467404,os_scan,34069,1.0,1567150,1,34069,0,0.07736010126284183,1249657,1314658,1249657,1314658,0,0.0,1567150,1.0,0.25,0.10239861162242156,0.04023639648467404,1.0,0.8292617540367294,0.0,q99_5,3089.561319795313,0,65700
0.04023639648467404,os_scan,34069,1.0,1567150,1,34069,0,0.07736010126284183,1249657,1314658,1249657,1314658,0,0.0,1567150,1.0,0.25,0.10239861162242156,0.04023639648467404,1.0,0.8292617540367294,0.0,q99_9,3170.6839700176915,0,65700
0.04023639648467404,os_scan,34069,1.0,1567150,1,34069,0,0.07736010126284183,1249657,1314658,1249657,1314658,0,0.0,1567150,1.0,0.5,0.10239861162242156,0.04023639648467404,1.0,0.8292617540367294,0.0,q99,1359.009518981289,0,65700
0.04023639648467404,os_scan,34069,1.0,1567150,1,34069,0,0.07736010126284183,1249657,1314658,1249657,1314658,0,0.0,1567150,1.0,0.5,0.10239861162242156,0.04023639648467404,1.0,0.8292617540367294,0.0,q99_5,1399.0153107308245,0,65700
0.04023639648467404,os_scan,34069,1.0,1567150,1,34069,0,0.07736010126284183,1249657,1314658,1249657,1314658,0,0.0,1567150,1.0,0.5,0.10239861162242156,0.04023639648467404,1.0,0.8292617540367294,0.0,q99_9,1469.110749476502,0,65700
0.04023639648467404,os_scan,34069,1.0,1567150,1,34069,0,0.07736010126284183,1249657,1314658,1249657,1314658,0,0.0,1567150,1.0,1.0,0.10239861162242156,0.04023639648467404,1.0,0.8292617540367294,0.0,q99,65.88310514393326,0,65700
0.04023639648467404,os_scan,34069,1.0,1567150,1,34069,0,0.07736010126284183,1249657,1314658,1249657,1314658,0,0.0,1567150,1.0,1.0,0.10239861162242156,0.04023639648467404,1.0,0.8292617540367294,0.0,q99_5,71.70090637874738,0,65700
0.04024252074593502,os_scan,34069,1.0,1567140,3,34069,0,0.0773605567134127,1249657,1314658,1249657,1314658,0,0.0,1567140,0.9999936189898861,1.0,0.10239861162242156,0.04023664290438745,1.0,0.8292617540367294,6.381010113901031e-06,q99_9,104.75133045886237,10,65700
0.1986028420412108,fuzzing,42362,1.0,1746355,1,42362,0,0.3313905742172141,1235004,1300005,1235004,1300005,0,0.0,1746355,1.0,0.25,0.4558456587054309,0.1986028420412108,1.0,0.8529206377903578,0.0,q99,3087.22093890424,0,432783
0.1986028420412108,fuzzing,42362,1.0,1746355,1,42362,0,0.3313905742172141,1235004,1300005,1235004,1300005,0,0.0,1746355,1.0,0.25,0.4558456587054309,0.1986028420412108,1.0,0.8529206377903578,0.0,q99_5,3120.5125015237877,0,432783
0.1986028420412108,fuzzing,42362,1.0,1746355,1,42362,0,0.3313905742172141,1235004,1300005,1235004,1300005,0,0.0,1746355,1.0,0.25,0.4558456587054309,0.1986028420412108,1.0,0.8529206377903578,0.0,q99_9,3186.2501533137074,0,432783
0.1986028420412108,fuzzing,42362,1.0,1746355,1,42362,0,0.3313905742172141,1235004,1300005,1235004,1300005,0,0.0,1746355,1.0,0.5,0.4558456587054309,0.1986028420412108,1.0,0.8529206377903578,0.0,q99,1302.2222055297598,0,432783
0.1986028420412108,fuzzing,42362,1.0,1746355,1,42362,0,0.3313905742172141,1235004,1300005,1235004,1300005,0,0.0,1746355,1.0,0.5,0.4558456587054309,0.1986028420412108,1.0,0.8529206377903578,0.0,q99_5,1325.9827712193567,0,432783
0.1986028420412108,fuzzing,42362,1.0,1746355,1,42362,0,0.3313905742172141,1235004,1300005,1235004,1300005,0,0.0,1746355,1.0,0.5,0.4558456587054309,0.1986028420412108,1.0,0.8529206377903578,0.0,q99_9,1379.8784269710902,0,432783
0.19920399717686535,fuzzing,42362,1.0,1745045,1,42362,0,0.33155686542345836,1235004,1300005,1235004,1300005,0,0.0,1745045,0.9992498661497805,1.0,0.4558456587054309,0.19872230497541588,1.0,0.8529206377903578,0.0007501338502194571,q99,604.3360826287769,1310,432783
0.19920858614736653,fuzzing,42362,1.0,1745035,1,42362,0,0.3315581354638262,1235004,1300005,1235004,1300005,0,0.0,1745035,0.9992441399371834,1.0,0.4558456587054309,0.19872321745894286,1.0,0.8529206377903578,0.0007558600628165522,q99_5,618.2229663320092,1320,432783
0.19921133952966724,fuzzing,42362,1.0,1745029,1,42362,0,0.3315588974927172,1235004,1300005,1235004,1300005,0,0.0,1745029,0.9992407042096252,1.0,0.4558456587054309,0.19872376495308136,1.0,0.8529206377903578,0.0007592957903748092,q99_9,628.258124316053,1326,432783
0.043243394614878396,ssl_renegotiation,29299,1.0,2049918,1,29299,0,0.0829018325696508,1255010,1320011,1255010,1320011,0,0.0,2049918,1.0,0.25,0.14206204849548007,0.043243394614878396,1.0,0.8054048347540046,0.0,q99,2529.751008454396,0,92652
0.043243394614878396,ssl_renegotiation,29299,1.0,2049918,1,29299,0,0.0829018325696508,1255010,1320011,1255010,1320011,0,0.0,2049918,1.0,0.25,0.14206204849548007,0.043243394614878396,1.0,0.8054048347540046,0.0,q99_5,2582.979294647603,0,92652
0.043243394614878396,ssl_renegotiation,29299,1.0,2049918,1,29299,0,0.0829018325696508,1255010,1320011,1255010,1320011,0,0.0,2049918,1.0,0.25,0.14206204849548007,0.043243394614878396,1.0,0.8054048347540046,0.0,q99_9,2673.3339263872967,0,92652
0.043243394614878396,ssl_renegotiation,29299,1.0,2049918,1,29299,0,0.0829018325696508,1255010,1320011,1255010,1320011,0,0.0,2049918,1.0,0.5,0.14206204849548007,0.043243394614878396,1.0,0.8054048347540046,0.0,q99,1506.969653925796,0,92652
0.043243394614878396,ssl_renegotiation,29299,1.0,2049918,1,29299,0,0.0829018325696508,1255010,1320011,1255010,1320011,0,0.0,2049918,1.0,0.5,0.14206204849548007,0.043243394614878396,1.0,0.8054048347540046,0.0,q99_5,1547.699190119001,0,92652
0.043243394614878396,ssl_renegotiation,29299,1.0,2049918,1,29299,0,0.0829018325696508,1255010,1320011,1255010,1320011,0,0.0,2049918,1.0,0.5,0.14206204849548007,0.043243394614878396,1.0,0.8054048347540046,0.0,q99_9,1628.1734620816737,0,92652
0.043243394614878396,ssl_renegotiation,29299,1.0,2049918,1,29299,0,0.0829018325696508,1255010,1320011,1255010,1320011,0,0.0,2049918,1.0,1.0,0.14206204849548007,0.043243394614878396,1.0,0.8054048347540046,0.0,q99,347.62870705526103,0,92652
0.043243394614878396,ssl_renegotiation,29299,1.0,2049918,1,29299,0,0.0829018325696508,1255010,1320011,1255010,1320011,0,0.0,2049918,1.0,1.0,0.14206204849548007,0.043243394614878396,1.0,0.8054048347540046,0.0,q99_5,368.533943204522,0,92652
0.043243394614878396,ssl_renegotiation,29299,1.0,2049918,1,29299,0,0.0829018325696508,1255010,1320011,1255010,1320011,0,0.0,2049918,1.0,1.0,0.14206204849548007,0.043243394614878396,1.0,0.8054048347540046,0.0,q99_9,431.743537960674,0,92652
0.46951500984312494,arp_mitm,49867,1.0,1293994,1,49867,0,0.6390067562402743,1234999,1300000,1234999,1300000,0,0.0,1293994,1.0,0.25,0.9514335633380295,0.46951500984312494,1.0,0.9773912558408606,0.0,q99,6301.938972323314,0,1145272
0.46951500984312494,arp_mitm,49867,1.0,1293994,1,49867,0,0.6390067562402743,1234999,1300000,1234999,1300000,0,0.0,1293994,1.0,0.25,0.9514335633380295,0.46951500984312494,1.0,0.9773912558408606,0.0,q99_5,6337.068168069924,0,1145272
0.46951500984312494,arp_mitm,49867,1.0,1293994,1,49867,0,0.6390067562402743,1234999,1300000,1234999,1300000,0,0.0,1293994,1.0,0.25,0.9514335633380295,0.46951500984312494,1.0,0.9773912558408606,0.0,q99_9,6392.8699743459265,0,1145272
0.46951500984312494,arp_mitm,49867,1.0,1293994,1,49867,0,0.6390067562402743,1234999,1300000,1234999,1300000,0,0.0,1293994,1.0,0.5,0.9514335633380295,0.46951500984312494,1.0,0.9773912558408606,0.0,q99,4923.070300588053,0,1145272
0.46951500984312494,arp_mitm,49867,1.0,1293994,1,49867,0,0.6390067562402743,1234999,1300000,1234999,1300000,0,0.0,1293994,1.0,0.5,0.9514335633380295,0.46951500984312494,1.0,0.9773912558408606,0.0,q99_5,4945.700746334664,0,1145272
0.46951500984312494,arp_mitm,49867,1.0,1293994,1,49867,0,0.6390067562402743,1234999,1300000,1234999,1300000,0,0.0,1293994,1.0,0.5,0.9514335633380295,0.46951500984312494,1.0,0.9773912558408606,0.0,q99_9,4991.503552610666,0,1145272
0.46951500984312494,arp_mitm,49867,1.0,1293994,1,49867,0,0.6390067562402743,1234999,1300000,1234999,1300000,0,0.0,1293994,1.0,1.0,0.9514335633380295,0.46951500984312494,1.0,0.9773912558756116,0.0,q99,3105.6936414644792,0,1145272
0.46951500984312494,arp_mitm,49867,1.0,1293994,1,49867,0,0.6390067562402743,1234999,1300000,1234999,1300000,0,0.0,1293994,1.0,1.0,0.9514335633380295,0.46951500984312494,1.0,0.9773912558756116,0.0,q99_5,3119.268975823754,0,1145272
0.46951500984312494,arp_mitm,49867,1.0,1293994,1,49867,0,0.6390067562402743,1234999,1300000,1234999,1300000,0,0.0,1293994,1.0,1.0,0.9514335633380295,0.46951500984312494,1.0,0.9773912558756116,0.0,q99_9,3131.977005764051,0,1145272
0.0026006226270427063,syn_dos,1113,1.0,2699237,1,1113,0,0.005187753864003158,2617348,2682349,2617348,2682349,0,0.0,2699237,1.0,0.25,0.0475785005002259,0.0026006226270427063,1.0,0.976441031199883,0.0,q99,1900.8112769470436,0,7038
0.0026006226270427063,syn_dos,1113,1.0,2699237,1,1113,0,0.005187753864003158,2617348,2682349,2617348,2682349,0,0.0,2699237,1.0,0.25,0.0475785005002259,0.0026006226270427063,1.0,0.976441031199883,0.0,q99_5,1921.0786183407968,0,7038
0.0026006226270427063,syn_dos,1113,1.0,2699237,1,1113,0,0.005187753864003158,2617348,2682349,2617348,2682349,0,0.0,2699237,1.0,0.25,0.0475785005002259,0.0026006226270427063,1.0,0.976441031199883,0.0,q99_9,1935.7274036381086,0,7038
0.0026006226270427063,syn_dos,1113,1.0,2699237,1,1113,0,0.005187753864003158,2617348,2682349,2617348,2682349,0,0.0,2699237,1.0,0.5,0.0475785005002259,0.0026006226270427063,1.0,0.976441031199883,0.0,q99,898.3531616556685,0,7038
0.0026006226270427063,syn_dos,1113,1.0,2699237,1,1113,0,0.005187753864003158,2617348,2682349,2617348,2682349,0,0.0,2699237,1.0,0.5,0.0475785005002259,0.0026006226270427063,1.0,0.976441031199883,0.0,q99_5,904.6670539367751,0,7038
0.002601361650238797,syn_dos,1113,1.0,2699235,2,1113,0,0.00518775768793183,2617348,2682349,2617348,2682349,0,0.0,2699235,0.9999992590498722,0.5,0.0475785005002259,0.0026006245489645723,1.0,0.976441031199883,7.409501277583257e-07,q99_9,911.5079961713194,2,7038
0.00470942531708714,syn_dos,1113,1.0,2693530,2,1113,0,0.005198688435466607,2617348,2682349,2617348,2682349,0,0.0,2693530,0.9978856988104416,1.0,0.0475785005002259,0.0026061184165701435,1.0,0.976441031199883,0.0021143011895583827,q99,232.5654799072614,5707,7038
0.004750071592872121,syn_dos,1113,1.0,2693420,7,1113,0,0.00519889964749717,2617348,2682349,2617348,2682349,0,0.0,2693420,0.9978449465534149,1.0,0.0475785005002259,0.0026062245737574884,1.0,0.976441031199883,0.0021550534465850906,q99_5,247.19437460587193,5817,7038
0.004778893497519653,syn_dos,1113,1.0,2693342,6,1113,0,0.005199049426427688,2617348,2682349,2617348,2682349,0,0.0,2693342,0.9978160494984324,1.0,0.0475785005002259,0.0026062998540946087,1.0,0.976441031199883,0.002183950501567665,q99_9,252.96259205815826,5895,7038
0.41704883434341244,active_wiretap,47739,1.0,1290472,1,47739,0,0.5886160367037053,1234999,1300000,1234999,1300000,0,0.0,1290472,1.0,0.25,0.9407591181617555,0.41704883434341244,1.0,0.9776607280003408,0.0,q99,3108.155352150701,0,923216
0.41704883434341244,active_wiretap,47739,1.0,1290472,1,47739,0,0.5886160367037053,1234999,1300000,1234999,1300000,0,0.0,1290472,1.0,0.25,0.9407591181617555,0.41704883434341244,1.0,0.9776607280003408,0.0,q99_5,3126.589625136132,0,923216
0.41704883434341244,active_wiretap,47739,1.0,1290472,1,47739,0,0.5886160367037053,1234999,1300000,1234999,1300000,0,0.0,1290472,1.0,0.25,0.9407591181617555,0.41704883434341244,1.0,0.9776607280003408,0.0,q99_9,3142.1985355152688,0,923216
0.41704883434341244,active_wiretap,47739,1.0,1290472,1,47739,0,0.5886160367037053,1234999,1300000,1234999,1300000,0,0.0,1290472,1.0,0.5,0.9407591181617555,0.41704883434341244,1.0,0.9776607280003408,0.0,q99,2048.295027800711,0,923216
0.41704883434341244,active_wiretap,47739,1.0,1290472,1,47739,0,0.5886160367037053,1234999,1300000,1234999,1300000,0,0.0,1290472,1.0,0.5,0.9407591181617555,0.41704883434341244,1.0,0.9776607280003408,0.0,q99_5,2054.313082585361,0,923216
0.41704883434341244,active_wiretap,47739,1.0,1290472,1,47739,0,0.5886160367037053,1234999,1300000,1234999,1300000,0,0.0,1290472,1.0,0.5,0.9407591181617555,0.41704883434341244,1.0,0.9776607280003408,0.0,q99_9,2059.9229929644976,0,923216
0.4170497378130974,active_wiretap,47739,1.0,1290470,1,47739,0,0.5886164119886436,1234999,1300000,1234999,1300000,0,0.0,1290470,0.9999984501794692,1.0,0.9407591181617555,0.41704921113473187,1.0,0.9776607280003408,1.5498205307825353e-06,q99,441.3197709199616,2,923216
0.4170578690402622,active_wiretap,47739,1.0,1290452,1,47739,0,0.5886197895746225,1234999,1300000,1234999,1300000,0,0.0,1290452,0.9999845017946922,1.0,0.9407591181617555,0.4170526022872445,1.0,0.9776607280003408,1.5498205307825353e-05,q99_5,453.24697339673037,20,923216
0.41706148291900214,active_wiretap,47739,1.0,1290444,1,47739,0,0.5886212907363887,1234999,1300000,1234999,1300000,0,0.0,1290444,0.999978302512569,1.0,0.9407591181617555,0.41705410948384125,1.0,0.9776607280003408,2.1697487430955494e-05,q99_9,463.8248514295124,28,923216
0.35880082696432064,ssdp_flood,10324,1.0,2572661,1,10324,0,0.5281139367068431,2548441,2613442,2548441,2613442,0,0.0,2572661,1.0,0.25,0.9908719223391035,0.35880082696432064,1.0,0.9971386974199368,0.0,q99,4390.632129860891,0,1439604
0.35880082696432064,ssdp_flood,10324,1.0,2572661,1,10324,0,0.5281139367068431,2548441,2613442,2548441,2613442,0,0.0,2572661,1.0,0.25,0.9908719223391035,0.35880082696432064,1.0,0.9971386974199368,0.0,q99_5,4478.391597048424,0,1439604
0.35880082696432064,ssdp_flood,10324,1.0,2572661,1,10324,0,0.5281139367068431,2548441,2613442,2548441,2613442,0,0.0,2572661,1.0,0.25,0.9908719223391035,0.35880082696432064,1.0,0.9971386974199368,0.0,q99_9,4798.602148781693,0,1439604
0.35880082696432064,ssdp_flood,10324,1.0,2572661,1,10324,0,0.5281139367068431,2548441,2613442,2548441,2613442,0,0.0,2572661,1.0,0.5,0.9908719223391035,0.35880082696432064,1.0,0.9971386974199368,0.0,q99,2645.148028264198,0,1439604
0.35880082696432064,ssdp_flood,10324,1.0,2572661,1,10324,0,0.5281139367068431,2548441,2613442,2548441,2613442,0,0.0,2572661,1.0,0.5,0.9908719223391035,0.35880082696432064,1.0,0.9971386974199368,0.0,q99_5,2720.4087454517303,0,1439604
0.35880082696432064,ssdp_flood,10324,1.0,2572661,1,10324,0,0.5281139367068431,2548441,2613442,2548441,2613442,0,0.0,2572661,1.0,0.5,0.9908719223391035,0.35880082696432064,1.0,0.9971386974199368,0.0,q99_9,3030.6202971849966,0,1439604
0.35880082696432064,ssdp_flood,10324,1.0,2572661,1,10324,0,0.5281139367068431,2548441,2613442,2548441,2613442,0,0.0,2572661,1.0,1.0,0.9908719223391035,0.35880082696432064,1.0,0.9971386974199368,0.0,q99,857.4520634792826,0,1439604
0.35880082696432064,ssdp_flood,10324,1.0,2572661,1,10324,0,0.5281139367068431,2548441,2613442,2548441,2613442,0,0.0,2572661,1.0,1.0,0.9908719223391035,0.35880082696432064,1.0,0.9971386974199368,0.0,q99_5,908.5172265340425,0,1439604
0.35880082696432064,ssdp_flood,10324,1.0,2572661,1,10324,0,0.5281139367068431,2548441,2613442,2548441,2613442,0,0.0,2572661,1.0,1.0,0.9908719223391035,0.35880082696432064,1.0,0.9971386974199368,0.0,q99_9,1197.980660225658,0,1439604
0.04257663869734984,video_injection,17141,1.0,2304901,1,17141,0,0.08167579651611478,2066049,2131050,2066049,2131050,0,0.0,2304901,1.0,0.25,0.29168369125073096,0.04257663869734984,1.0,0.9455462296420953,0.0,q99,2108.468683889436,0,102499
0.04257663869734984,video_injection,17141,1.0,2304901,1,17141,0,0.08167579651611478,2066049,2131050,2066049,2131050,0,0.0,2304901,1.0,0.25,0.29168369125073096,0.04257663869734984,1.0,0.9455462296420953,0.0,q99_5,2165.453290518995,0,102499
0.04257663869734984,video_injection,17141,1.0,2304901,1,17141,0,0.08167579651611478,2066049,2131050,2066049,2131050,0,0.0,2304901,1.0,0.25,0.29168369125073096,0.04257663869734984,1.0,0.9455462296420953,0.0,q99_9,2212.712485311703,0,102499
0.04257663869734984,video_injection,17141,1.0,2304901,1,17141,0,0.08167579651611478,2066049,2131050,2066049,2131050,0,0.0,2304901,1.0,0.5,0.29168369125073096,0.04257663869734984,1.0,0.9455462296420953,0.0,q99,1246.467852686396,0,102499
0.04257663869734984,video_injection,17141,1.0,2304901,1,17141,0,0.08167579651611478,2066049,2131050,2066049,2131050,0,0.0,2304901,1.0,0.5,0.29168369125073096,0.04257663869734984,1.0,0.9455462296420953,0.0,q99_5,1290.9537093159552,0,102499
0.04257663869734984,video_injection,17141,1.0,2304901,1,17141,0,0.08167579651611478,2066049,2131050,2066049,2131050,0,0.0,2304901,1.0,0.5,0.29168369125073096,0.04257663869734984,1.0,0.9455462296420953,0.0,q99_9,1328.2139041086618,0,102499
0.04257663869734984,video_injection,17141,1.0,2304901,1,17141,0,0.08167579651611478,2066049,2131050,2066049,2131050,0,0.0,2304901,1.0,1.0,0.29168369125073096,0.04257663869734984,1.0,0.9455462296420953,0.0,q99,213.76834261143023,0,102499
0.04257663869734984,video_injection,17141,1.0,2304901,1,17141,0,0.08167579651611478,2066049,2131050,2066049,2131050,0,0.0,2304901,1.0,1.0,0.29168369125073096,0.04257663869734984,1.0,0.9455462296420953,0.0,q99_5,233.25669924098952,0,102499
0.04257663869734984,video_injection,17141,1.0,2304901,1,17141,0,0.08167579651611478,2066049,2131050,2066049,2131050,0,0.0,2304901,1.0,1.0,0.29168369125073096,0.04257663869734984,1.0,0.9455462296420953,0.0,q99_9,250.51889403369603,0,102499
