accuracy,alpha,attack,attack_interval_count,attack_interval_detection_rate,benign_false_positive_count,continuous_alert_segments,detected_attack_intervals,detection_delay_rows,f1,first_attack_evaluation_index,first_attack_raw_index,first_detection_evaluation_index,first_detection_raw_index,fn,fnr,fp,fpr,pr_auc,precision,recall,roc_auc,specificity,threshold_method,threshold_value,tn,tp
0.9983551125961186,0.05,mirai,1,1.0,271,22,1,41,0.999104657029143,56620,121621,56661,121662,879,0.0013680593168107875,271,0.004786294595549276,0.9999893228620872,0.9995778211207836,0.9986319406831892,0.9998767692772536,0.9952137054044508,q99_5,0.0632429230014332,56349,641637
0.9979660609666788,0.1,mirai,1,1.0,294,59,1,39,0.9988926941172622,56620,121621,56659,121660,1128,0.0017555983041667444,294,0.005192511480042388,0.9999810781796409,0.9995418291303169,0.9982444016958333,0.9997792771513069,0.9948074885199576,q99_5,0.06292031991660854,56326,641388
0.9965342937568656,0.2,mirai,1,1.0,349,268,1,15,0.9981119093093079,56620,121621,56635,121636,2074,0.0032279351798243155,349,0.006163899682091134,0.9999532784339455,0.9994553606402088,0.9967720648201757,0.999449165314319,0.9938361003179089,q99_5,0.05857204584334709,56271,640442
0.9901650036616624,0.3,mirai,1,1.0,336,1002,1,15,0.9946232018692115,56620,121621,56635,121636,6540,0.010178734848626338,336,0.0059342988343341575,0.9998641076727227,0.9994719571530947,0.9898212651513737,0.9983983006928966,0.9940657011656658,q99_5,0.06564914433566696,56284,635976
0.9726634016843647,0.5,mirai,1,1.0,326,2793,1,14,0.9849104512021425,56620,121621,56634,121635,18786,0.029238182395457855,326,0.0057576827975980216,0.9993986598524899,0.9994776109836296,0.9707618176045422,0.992892421863476,0.994242317202402,q99_5,0.07705022971956246,56294,623730
0.043599228343081116,0.05,os_scan,34069,1.0,1561659,126,34069,0,0.07761099878976456,1249657,1314658,1249657,1314658,0,0.0,1561659,0.996496187346457,0.46481754131883257,0.040372161274801685,1.0,0.9757822022264481,0.003503812653543056,q99_5,0.03441760072383213,5491,65700
0.045470190158312156,0.1,os_scan,34069,1.0,1558604,163,34069,0,0.07775129526320647,1249657,1314658,1249657,1314658,0,0.0,1558604,0.9945467887566601,0.4720729971514632,0.040448093460337474,1.0,0.9764786246407707,0.005453211243339821,q99_5,0.04260651379530447,8546,65700
0.04764614018434026,0.2,os_scan,34069,1.0,1555051,397,34069,0,0.07791510100204513,1249657,1314658,1249657,1314658,0,0.0,1555051,0.9922796158631911,0.47692754604651383,0.040536763512717254,1.0,0.9770632016033526,0.007720384136808857,q99_5,0.05092181412622512,12099,65700
0.04881648651131457,0.3,os_scan,34069,1.0,1553140,738,34069,0,0.07800349056715779,1249657,1314658,1249657,1314658,0,0.0,1553140,0.9910602048304247,0.47985425438595336,0.04058461614489387,1.0,0.9773938707726961,0.008939795169575344,q99_5,0.05470185564730998,14010,65700
0.049717365342805526,0.5,os_scan,34069,1.0,1551669,1293,34069,0,0.07807166551103965,1249657,1314658,1249657,1314658,0,0.0,1551669,0.9901215582426698,0.48565862529268344,0.0406215279259093,1.0,0.9778871229321995,0.009878441757330185,q99_5,0.05658381358265365,15481,65700
0.20201611829998833,0.05,fuzzing,42362,1.0,1738917,74,42362,0,0.3323369743630502,1235004,1300005,1235004,1300005,0,0.0,1738917,0.9957408430702807,0.295796471463988,0.19928305014504766,1.0,0.7234596617717796,0.004259156929719329,q99_5,0.05325905991743926,7438,432783
0.20369751709162062,0.1,fuzzing,42362,1.0,1735253,139,42362,0,0.33280516637259266,1235004,1300005,1235004,1300005,0,0.0,1735253,0.993642758774705,0.2837204931584512,0.19961984026095508,1.0,0.7153361391995622,0.0063572412252949715,q99_5,0.061420739991189244,11102,432783
0.20502831853696277,0.2,fuzzing,42362,1.0,1732353,318,42362,0,0.33317666948045727,1235004,1300005,1235004,1300005,0,0.0,1732353,0.9919821571215475,0.2603874918740519,0.1998872126277518,1.0,0.6869072104404262,0.008017842878452548,q99_5,0.06739500488538017,14002,432783
0.2053454163985943,0.3,fuzzing,42362,1.0,1731662,537,42362,0,0.33326531209427895,1235004,1300005,1235004,1300005,0,0.0,1731662,0.9915864758310882,0.24775363744691323,0.19995102670661533,1.0,0.6650446849655656,0.008413524168911819,q99_5,0.06823020370751023,14693,432783
0.20572125308264094,0.5,fuzzing,42362,1.0,1730843,1287,42362,0,0.3333704358596816,1235004,1300005,1235004,1300005,0,0.0,1730843,0.9911174990193861,0.2322630316597484,0.2000267144136741,1.0,0.6329773603733166,0.008882500980613908,q99_5,0.06846679868943273,15512,432783
0.045240062168330555,0.05,ssl_renegotiation,29299,1.0,2045640,108,29299,0,0.08306080296054047,1255010,1320011,1255010,1320011,0,0.0,2045640,0.9979130872551976,0.19298864401720947,0.04332991004034996,1.0,0.8464968991901387,0.002086912744802475,q99_5,0.05123101837643649,4278,92652
0.04619032283659344,0.1,ssl_renegotiation,29299,1.0,2043604,146,29299,0,0.08313667499959622,1255010,1320011,1255010,1320011,0,0.0,2043604,0.9969198767950718,0.23173674359750018,0.04337120644716738,1.0,0.8673542278503529,0.003080123204928197,q99_5,0.057030057738272,6314,92652
0.04678633603569545,0.2,ssl_renegotiation,29299,1.0,2042327,224,29299,0,0.08318433349149837,1255010,1320011,1255010,1320011,0,0.0,2042327,0.9962969250477336,0.2999299893727305,0.04339714816867051,1.0,0.8903181923674272,0.003703074952266383,q99_5,0.06283258922859809,7591,92652
0.04737021427537957,0.3,ssl_renegotiation,29299,1.0,2041076,407,29299,0,0.08323107465931243,1255010,1320011,1255010,1320011,0,0.0,2041076,0.995686656734562,0.3508454438010099,0.0434225918205132,1.0,0.9012037685900902,0.0043133432654379345,q99_5,0.06707802736770344,8842,92652
0.048254199396052404,0.5,ssl_renegotiation,29299,0.999931738284583,2039173,928,29297,0,0.08329452255550542,1255010,1320011,1255010,1320011,9,9.713767646677892e-05,2039173,0.9947583269184426,0.4214384668397521,0.04345731526548258,0.9999028623235332,0.9130019316567091,0.005241673081557409,q99_5,0.07071567824797974,10745,92643
0.4769512632078666,0.05,arp_mitm,49867,1.0,1275855,182,49867,0,0.6422567974026462,1234999,1300000,1234999,1300000,0,0.0,1275855,0.9859821606591684,0.7290354563689152,0.4730326001073054,1.0,0.7637635422882538,0.014017839340831565,q99_5,0.13893842645795815,18139,1145272
0.4783643932232073,0.1,arp_mitm,49867,1.0,1272408,313,49867,0,0.6428781527227985,1234999,1300000,1234999,1300000,0,0.0,1272408,0.9833183152317553,0.7462408396534739,0.47370702491644884,1.0,0.7559948062607619,0.016681684768244675,q99_5,0.15288524995004565,21586,1145272
0.4795249882546635,0.2,arp_mitm,49867,1.0,1269577,583,49867,0,0.6433893679456401,1234999,1300000,1234999,1300000,0,0.0,1269577,0.9811305152883244,0.7745400461853723,0.4742623658870596,1.0,0.7641802800151655,0.018869484711675634,q99_5,0.16501796791869938,24417,1145272
0.4807581460980475,0.3,arp_mitm,49867,1.0,1266567,980,49867,0,0.6439330366317141,1234999,1300000,1234999,1300000,2,1.7463100468709616e-06,1266567,0.9788043839461389,0.7908233740497879,0.4748538147478457,0.9999982536899531,0.7726751787336752,0.021195616053861145,q99_5,0.17509879964173738,27427,1145270
0.4823090224682343,0.5,arp_mitm,49867,0.9999799466581105,1262770,2397,49866,0,0.6446157907386321,1234999,1300000,1234999,1300000,16,1.3970480374967692e-05,1262770,0.9758700581300995,0.8107549987308477,0.4755995159520703,0.999986029519625,0.7860968369685184,0.02412994186990048,q99_5,0.18527005360077708,31224,1145256
0.007062105661841461,0.05,syn_dos,1113,1.0,2687163,122,1113,0,0.005210942089907631,2617348,2682349,2617348,2682349,0,0.0,2687163,0.995526884078723,0.010320174625160418,0.002612277257710171,1.0,0.7968328424838255,0.004473115921277013,q99_5,0.06561936925619752,12074,7038
0.008281124423792852,0.1,syn_dos,1113,1.0,2683864,267,1113,0,0.005217313950643824,2617348,2682349,2617348,2682349,0,0.0,2683864,0.9943046868429857,0.005520211028778554,0.002615479865115861,1.0,0.711960334202841,0.005695313157014371,q99_5,0.07315707251797088,15373,7038
0.010368125929552614,0.2,syn_dos,1113,1.0,2678216,713,1113,0,0.005228259044709861,2617348,2682349,2617348,2682349,0,0.0,2678216,0.9922122436821961,0.003846990860316357,0.002620981106442817,1.0,0.6550225324465654,0.007787756317803883,q99_5,0.08239619158283275,21021,7038
0.011758967584595062,0.3,syn_dos,1113,1.0,2674452,1094,1113,0,0.00523557872560747,2617348,2682349,2617348,2682349,0,0.0,2674452,0.990817775541755,0.003625741068853665,0.0026246601702784645,1.0,0.6561710149881311,0.009182224458245052,q99_5,0.08552934794602153,24785,7038
0.01466037265244663,0.5,syn_dos,1113,1.0,2666600,2440,1113,0,0.005250914321611414,2617348,2682349,2617348,2682349,0,0.0,2666600,0.9879088053401758,0.0039051920043817394,0.0026323683310904467,1.0,0.6807930636158662,0.01209119465982424,q99_5,0.09287941532897155,32637,7038
0.4183688035531656,0.05,active_wiretap,47739,1.0,1287550,87,47739,0,0.5891648388535735,1234999,1300000,1234999,1300000,0,0.0,1287550,0.9977357122045267,0.31274153136935184,0.41760005355609775,1.0,0.3369967894242777,0.0022642877954732843,q99_5,0.05257766034503171,2922,923216
0.4189840664086357,0.1,active_wiretap,47739,1.0,1286188,171,47739,0,0.5894209958437346,1234999,1300000,1234999,1300000,0,0.0,1286188,0.9966802844230638,0.32645242542829644,0.4178574855481388,1.0,0.3754598609482731,0.0033197155769361907,q99_5,0.05672842052168566,4284,923216
0.4195555109843844,0.2,active_wiretap,47739,1.0,1284923,379,47739,0,0.5896591092354588,1234999,1300000,1234999,1300000,0,0.0,1284923,0.9957000229373438,0.33449824873577033,0.41809686799608176,1.0,0.3959845178717938,0.004299977062656144,q99_5,0.059991011679714386,5549,923216
0.42005738839438983,0.3,active_wiretap,47739,1.0,1283812,805,47739,0,0.5898683936459906,1234999,1300000,1234999,1300000,0,0.0,1283812,0.9948390976324941,0.33734353603765027,0.41830733456938474,1.0,0.4033884714204245,0.005160902367505843,q99_5,0.06240861916632023,6660,923216
0.4209116189815367,0.5,active_wiretap,47739,1.0,1281921,1915,47739,0,0.5902249522352497,1234999,1300000,1234999,1300000,0,0.0,1281921,0.9933737423206392,0.34026186429891075,0.41866605113423794,1.0,0.411262997813524,0.00662625767936073,q99_5,0.06469983883304882,8551,923216
0.36119673052502765,0.05,ssdp_flood,10324,1.0,2563048,138,10324,0,0.5290467776598529,2548441,2613442,2548441,2613442,0,0.0,2563048,0.9962634019795068,0.9951954728136548,0.3596625437335047,1.0,0.9983732428112124,0.003736598020493178,q99_5,0.05732482859387499,9613,1439604
0.3626091496947485,0.1,ssdp_flood,10324,1.0,2557381,364,10324,0,0.5295982462533033,2548441,2613442,2548441,2613442,0,0.0,2557381,0.9940606243885223,0.996838686009678,0.36017248000680513,1.0,0.9988161201643976,0.005939375611477765,q99_5,0.0673306807815037,15280,1439604
0.3644681993836399,0.2,ssdp_flood,10324,1.0,2549922,1103,10324,0,0.5303258533135143,2548441,2613442,2548441,2613442,0,0.0,2549922,0.9911612917520031,0.9982341308849371,0.36084587492348713,1.0,0.9992306414709002,0.008838708247996919,q99_5,0.07787447890983458,22739,1439604
0.3654118060497001,0.3,ssdp_flood,10324,1.0,2546136,1547,10324,0,0.5306959337509289,2548441,2613442,2548441,2613442,0,0.0,2546136,0.9896896637372744,0.9989237235368337,0.36118863749266134,1.0,0.999463840846632,0.010310336262725636,q99_5,0.0822763164977484,26525,1439604
0.36651542208702564,0.5,ssdp_flood,10324,1.0,2541708,2542,10324,0,0.5311294253591091,2548441,2613442,2548441,2613442,0,0.0,2541708,0.9879684886582414,0.9992321276588481,0.36159035011574076,1.0,0.9995708360669513,0.012031511341758592,q99_5,0.08671914790690863,30953,1439604
0.04271745451524466,0.05,video_injection,17141,1.0,2304562,10,17141,0,0.08168682956374822,2066049,2131050,2066049,2131050,0,0.0,2304562,0.9998529220994741,0.04649508087872466,0.042582635005926316,1.0,0.582911854090915,0.0001470779005258794,q99_5,0.03277557879077722,339,102499
0.04281340865664202,0.1,video_injection,17141,1.0,2304331,16,17141,0,0.08169434936590618,2066049,2131050,2066049,2131050,0,0.0,2304331,0.999752700875222,0.046088509581030536,0.04258672195377322,1.0,0.5814735041542547,0.00024729912477802735,q99_5,0.03348459951880754,570,102499
0.04290479355321093,0.2,video_injection,17141,1.0,2304111,32,17141,0,0.08170151236953037,2066049,2131050,2066049,2131050,0,0.0,2304111,0.9996572520902199,0.04255473252175312,0.04259061501448095,1.0,0.5473298535265452,0.00034274790978007296,q99_5,0.03415740178574803,790,102499
0.042935532109329565,0.3,video_injection,17141,1.0,2304037,32,17141,0,0.08170392202579876,2066049,2131050,2066049,2131050,0,0.0,2304037,0.9996251465898102,0.040947296796067595,0.04259192465851332,1.0,0.5282040256720278,0.000374853410189852,q99_5,0.03443582758418189,864,102499
0.04295713217579131,0.5,video_injection,17141,1.0,2303985,45,17141,0,0.08170561538280649,2066049,2131050,2066049,2131050,0,0.0,2303985,0.9996025859679005,0.03952252606901713,0.042592844997099505,1.0,0.5081255464835222,0.0003974140320994264,q99_5,0.03472273286707739,916,102499
