accuracy,attack,attack_interval_count,attack_interval_detection_rate,benign_false_positive_count,continuous_alert_segments,detected_attack_intervals,detection_delay_rows,f1,first_attack_evaluation_index,first_attack_raw_index,first_detection_evaluation_index,first_detection_raw_index,fn,fnr,fp,fpr,k,pr_auc,precision,recall,rho,roc_auc,specificity,threshold_method,threshold_value,tn,tp
0.9978401913218601,mirai,1,1.0,665,98,1,15,0.9988247673662025,56620,121621,56635,121636,845,0.0013151423466497333,665,0.01174496644295302,0.25,0.9999804925876494,0.9989647162855577,0.9986848576533502,0.9,0.9997713566759504,0.988255033557047,q99,41.890452980964625,55955,641671
0.9979703519772977,mirai,1,1.0,295,59,1,39,0.9988950345077843,56620,121621,56659,121660,1124,0.001749372778265444,295,0.005210173083716001,0.25,0.9999804925876494,0.9995402743081907,0.9982506272217345,0.9,0.9997713566759504,0.994789826916284,q99_5,82.64588099245307,56325,641392
0.9977844081838154,mirai,1,1.0,153,51,1,41,0.9987934154288594,56620,121621,56661,121662,1396,0.0021727085395538788,153,0.0027022253620628753,0.25,0.9999804925876494,0.9997614120663119,0.9978272914604461,0.9,0.9997713566759504,0.9972977746379371,q99_9,153.64459032514858,56467,641120
0.9978287486268766,mirai,1,1.0,672,100,1,15,0.9988185464852924,56620,121621,56635,121636,846,0.0013166987281250583,672,0.011868597668668315,0.5,0.9999787579484727,0.9989538283344387,0.998683301271875,0.9,0.9997466362967877,0.9881314023313317,q99,39.436505662134614,55948,641670
0.997963200292933,mirai,1,1.0,296,59,1,39,0.9988911384519545,56620,121621,56659,121660,1128,0.0017555983041667444,296,0.005227834687389615,0.5,0.9999787579484727,0.9995387137594205,0.9982444016958333,0.9,0.9997466362967877,0.9947721653126104,q99_5,80.9148322383897,56324,641388
0.9977844081838154,mirai,1,1.0,153,51,1,41,0.9987934154288594,56620,121621,56661,121662,1396,0.0021727085395538788,153,0.0027022253620628753,0.5,0.9999787579484727,0.9997614120663119,0.9978272914604461,0.9,0.9997466362967877,0.9972977746379371,q99_9,151.16195379616374,56467,641120
0.9978101542475284,mirai,1,1.0,676,105,1,15,0.9988084239986986,56620,121621,56635,121636,855,0.0013307061614029846,676,0.01193924408336277,1.0,0.9999823201635356,0.9989475929301909,0.998669293838597,0.9,0.999678150454046,0.9880607559166372,q99,35.487318211450905,55944,641661
0.997963200292933,mirai,1,1.0,288,58,1,40,0.998891124636345,56620,121621,56660,121661,1136,0.0017680493559693454,288,0.005086541858000706,1.0,0.9999823201635356,0.9995511697638031,0.9982319506440307,0.9,0.999678150454046,0.9949134581419993,q99_5,77.526970555758,56332,641380
0.9977844081838154,mirai,1,1.0,153,51,1,41,0.9987934154288594,56620,121621,56661,121662,1396,0.0021727085395538788,153,0.0027022253620628753,1.0,0.9999823201635356,0.9997614120663119,0.9978272914604461,0.9,0.999678150454046,0.9972977746379371,q99_9,146.1983570364133,56467,641120
0.9981176766752106,mirai,1,1.0,548,32,1,39,0.9989757256314543,56620,121621,56659,121660,768,0.0011953009730496984,548,0.009678558813140233,0.25,0.9999894769479083,0.9991468108161969,0.9988046990269503,0.95,0.9998785830581661,0.9903214411868597,q99,94.80885783536525,56072,641748
0.9983579732698645,mirai,1,1.0,271,22,1,41,0.9991062155390813,56620,121621,56661,121662,877,0.0013649465538601374,271,0.004786294595549276,0.25,0.9999894769479083,0.9995778224361671,0.9986350534461399,0.95,0.9998785830581661,0.9952137054044508,q99_5,166.51990241693807,56349,641639
0.9982707227206151,mirai,1,1.0,181,28,1,43,0.9990585468604601,56620,121621,56663,121664,1028,0.0015999601566342317,181,0.0031967502649240553,0.25,0.9999894769479083,0.9997179231036563,0.9984000398433658,0.95,0.9998785830581661,0.996803249735076,q99_9,254.08235068254714,56439,641488
0.9981262586964482,mirai,1,1.0,540,31,1,39,0.9989803876394961,56620,121621,56659,121660,770,0.0011984137360003487,540,0.009537265983751325,0.5,0.9999886370609581,0.9991592530430369,0.9988015862639996,0.95,0.9998685906877669,0.9904627340162486,q99,91.4531979163453,56080,641746
0.9983579732698645,mirai,1,1.0,270,22,1,41,0.9991062141473532,56620,121621,56661,121662,878,0.0013665029353354624,270,0.004768632991875662,0.5,0.9999886370609581,0.9995793789764266,0.9986334970646645,0.95,0.9998685906877669,0.9952313670081243,q99_5,161.66469465376832,56350,641638
0.9982692923837422,mirai,1,1.0,181,28,1,43,0.999057767422737,56620,121621,56663,121664,1029,0.0016015165381095568,181,0.0031967502649240553,0.5,0.9999886370609581,0.9997179226640568,0.9983984834618904,0.95,0.9998685906877669,0.996803249735076,q99_9,249.16475449531922,56439,641487
0.9981133856645917,mirai,1,1.0,549,33,1,39,0.9989733898604541,56620,121621,56659,121660,770,0.0011984137360003487,549,0.009696220416813848,1.0,0.9999867683325413,0.9991452525708592,0.9988015862639996,0.95,0.9997890719365763,0.9903037795831862,q99,81.48914057115581,56071,641746
0.9983508215854998,mirai,1,1.0,272,22,1,41,0.9991023206529314,56620,121621,56661,121662,881,0.0013711720797614378,272,0.00480395619922289,1.0,0.9999867683325413,0.9995762626050191,0.9986288279202385,0.95,0.9997890719365763,0.9951960438007771,q99_5,153.83515788654873,56348,641635
0.9982692923837422,mirai,1,1.0,181,28,1,43,0.999057767422737,56620,121621,56663,121664,1029,0.0016015165381095568,181,0.0031967502649240553,1.0,0.9999867683325413,0.9997179226640568,0.9983984834618904,0.95,0.9997890719365763,0.996803249735076,q99_9,239.3893423057159,56439,641487
0.9979031261442695,mirai,1,1.0,651,7,1,47,0.9988590267638388,56620,121621,56667,121668,815,0.0012684509023899793,651,0.01149770399152243,0.25,0.9999964953434467,0.998986536976611,0.99873154909761,0.99,0.9999600723554326,0.9885022960084776,q99,440.24649064397437,55969,641701
0.9980905002746246,mirai,1,1.0,497,6,1,838,0.9989608396104589,56620,121621,57458,122459,838,0.0013042476763224574,497,0.008777817025785941,0.25,0.9999964953434467,0.9992260676606844,0.9986957523236776,0.99,0.9999600723554326,0.991222182974214,q99_5,523.0606506189642,56123,641678
0.998273583394361,mirai,1,1.0,368,7,1,839,0.9990603793825283,56620,121621,57459,122460,839,0.0013058040577977824,368,0.006499470151889792,0.25,0.9999964953434467,0.999426831452624,0.9986941959422022,0.99,0.9999600723554326,0.9935005298481102,q99_9,641.638331111849,56252,641677
0.9979088474917612,mirai,1,1.0,646,8,1,47,0.9988621346105651,56620,121621,56667,121668,816,0.0012700072838653046,646,0.011409395973154362,0.5,0.9999963752526041,0.9989943114769921,0.9987299927161347,0.99,0.99995867548794,0.9885906040268456,q99,419.33531208999784,55974,641700
0.9980962216221164,mirai,1,1.0,493,5,1,838,0.9989639499738069,56620,121621,57458,122459,838,0.0013042476763224574,493,0.008707170611091487,0.5,0.9999963752526041,0.9992322917104635,0.9986957523236776,0.99,0.99995867548794,0.9912928293889085,q99_5,502.5895023740953,56127,641678
0.9982793047418528,mirai,1,1.0,364,5,1,839,0.9990634903706103,56620,121621,57459,122460,839,0.0013058040577977824,364,0.006428823737195337,0.5,0.9999963752526041,0.9994330580134291,0.9986941959422022,0.99,0.99995867548794,0.9935711762628047,q99_9,623.1254869650896,56256,641677
0.9979260115342365,mirai,1,1.0,633,7,1,47,0.9988714618382875,56620,121621,56667,121668,817,0.0012715636653406297,633,0.011179795125397386,1.0,0.9999953220292459,0.9990145283124615,0.9987284363346594,0.99,0.9999425615794728,0.9888202048746026,q99,389.4427083345276,55987,641699
0.9981005126327352,mirai,1,1.0,490,6,1,838,0.9989662827590287,56620,121621,57458,122459,838,0.0013042476763224574,490,0.008654185800070647,1.0,0.9999953220292459,0.999236959798682,0.9986957523236776,0.99,0.9999425615794728,0.9913458141999294,q99_5,467.4095801950338,56130,641678
0.9982907474368363,mirai,1,1.0,356,5,1,839,0.9990697124048985,56620,121621,57459,122460,839,0.0013058040577977824,356,0.0062875309078064285,1.0,0.9999953220292459,0.9994455113677957,0.9986941959422022,0.99,0.9999425615794728,0.9937124690921936,q99_9,594.4045696723495,56264,641677
0.044443151544844905,os_scan,34069,1.0,1560281,231,34069,0,0.07767421872090542,1249657,1314658,1249657,1314658,0,0.0,1560281,0.9956168841527614,0.25,0.4720729971514632,0.04040637621226816,1.0,0.9,0.9764786246407707,0.004383115847238618,q99,28.699704777977466,6869,65700
0.045661879535781,os_scan,34069,1.0,1558291,183,34069,0,0.07776569798856714,1249657,1314658,1249657,1314658,0,0.0,1558291,0.994347063140095,0.25,0.4720729971514632,0.04045588922598709,1.0,0.9,0.9764786246407707,0.005652936859904923,q99_5,39.84895878363393,8859,65700
0.04725051290688061,os_scan,34069,1.0,1555697,301,34069,0,0.07788526682223963,1249657,1314658,1249657,1314658,0,0.0,1555697,0.9926918291165492,0.25,0.4720729971514632,0.040520612780213607,1.0,0.9,0.9764786246407707,0.00730817088345085,q99_9,51.430626807256544,11453,65700
0.044512968123220135,os_scan,34069,1.0,1560167,225,34069,0,0.07767945342986711,1249657,1314658,1249657,1314658,0,0.0,1560167,0.9955441406374629,0.5,0.4720729971514632,0.04040920936337351,1.0,0.9,0.9764786246407707,0.004455859362537089,q99,26.589340207743852,6983,65700
0.04569801267722081,os_scan,34069,1.0,1558232,183,34069,0,0.07776841347701748,1249657,1314658,1249657,1314658,0,0.0,1558232,0.994309415180423,0.5,0.4720729971514632,0.04045735905198001,1.0,0.9,0.9764786246407707,0.005690584819576939,q99_5,37.69357820815001,8918,65700
0.047265823560033074,os_scan,34069,1.0,1555672,301,34069,0,0.07788642097077066,1249657,1314658,1249657,1314658,0,0.0,1555672,0.9926758765912644,0.5,0.4720729971514632,0.04052123756916982,1.0,0.9,0.9764786246407707,0.007324123408735603,q99_9,49.004426736881534,11478,65700
0.044677710751140645,os_scan,34069,1.0,1559898,186,34069,0,0.07769180830344505,1249657,1314658,1249657,1314658,0,0.0,1559898,0.995372491465399,1.0,0.4720729971514632,0.04041589618097463,1.0,0.9,0.9764786246407707,0.004627508534601027,q99,22.675008875744343,7252,65700
0.04592644762225557,os_scan,34069,1.0,1557859,206,34069,0,0.07778558527733165,1249657,1314658,1249657,1314658,0,0.0,1557859,0.9940714035031746,1.0,0.4720729971514632,0.04046665381424389,1.0,0.9,0.9764786246407707,0.0059285964968254475,q99_5,34.50658654949875,9291,65700
0.047615518878035334,os_scan,34069,1.0,1555101,326,34069,0,0.07791279103896173,1249657,1314658,1249657,1314658,0,0.0,1555101,0.9923115209137606,1.0,0.4720729971514632,0.0405355129963518,1.0,0.9,0.9764786246407707,0.007688479086239351,q99_9,45.923069110640704,12049,65700
0.04298618979085648,os_scan,34069,1.0,1562660,101,34069,0,0.07756513936932577,1249657,1314658,1249657,1314658,0,0.0,1562660,0.9971349264588585,0.25,0.46481754131883257,0.04034734333931072,1.0,0.95,0.9757822022264481,0.0028650735411415626,q99,42.50422648767274,4490,65700
0.04400894142144104,os_scan,34069,1.0,1560990,120,34069,0,0.07764167833655362,1249657,1314658,1249657,1314658,0,0.0,1560990,0.996069297769837,0.25,0.46481754131883257,0.040388764915257364,1.0,0.95,0.9757822022264481,0.003930702230163035,q99_5,52.339280567023735,6160,65700
0.0449496279511284,os_scan,34069,1.0,1559454,57,34069,0,0.07771220933327183,1249657,1314658,1249657,1314658,0,0.0,1559454,0.9950891746163417,0.25,0.46481754131883257,0.040426938000952525,1.0,0.95,0.9757822022264481,0.004910825383658233,q99_9,65.42272085430317,7696,65700
0.04319502709985608,os_scan,34069,1.0,1562319,107,34069,0,0.07758075572158073,1249657,1314658,1249657,1314658,0,0.0,1562319,0.9969173340139744,0.5,0.46481754131883257,0.04035579437340719,1.0,0.95,0.9757822022264481,0.003082665986025588,q99,39.658101994139,4831,65700
0.04417123434485715,os_scan,34069,1.0,1560725,127,34069,0,0.07765383763019872,1249657,1314658,1249657,1314658,0,0.0,1560725,0.9959002010018186,0.5,0.46481754131883257,0.04039534561999478,1.0,0.95,0.9757822022264481,0.0040997989981814125,q99_5,48.92128892089369,6425,65700
0.04497657470067673,os_scan,34069,1.0,1559410,55,34069,0,0.07771423164045635,1249657,1314658,1249657,1314658,0,0.0,1559410,0.9950610981718406,0.5,0.46481754131883257,0.040428032563949515,1.0,0.95,0.9757822022264481,0.004938901828159398,q99_9,61.16322996406754,7740,65700
0.04361025201335089,os_scan,34069,1.0,1561641,126,34069,0,0.07761182393102116,1249657,1314658,1249657,1314658,0,0.0,1561641,0.996484701528252,1.0,0.46481754131883257,0.04037260783081112,1.0,0.95,0.9757822022264481,0.0035152984717480777,q99,33.67780990591555,5509,65700
0.04460483204213492,os_scan,34069,1.0,1560017,82,34069,0,0.07768634227987539,1249657,1314658,1249657,1314658,0,0.0,1560017,0.9954484254857544,1.0,0.46481754131883257,0.040412937799137245,1.0,0.95,0.9757822022264481,0.004551574514245605,q99_5,44.32221801336754,7133,65700
0.04508068714211348,os_scan,34069,1.0,1559240,59,34069,0,0.07772204608905504,1249657,1314658,1249657,1314658,0,0.0,1559240,0.9949526209999043,1.0,0.46481754131883257,0.04043226211429345,1.0,0.95,0.9757822022264481,0.005047379000095715,q99_9,53.98996824676153,7910,65700
0.04070673974951772,os_scan,34069,1.0,1566382,20,34069,0,0.07739509548340129,1249657,1314658,1249657,1314658,0,0.0,1566382,0.9995099384232524,0.25,0.43075885974567374,0.04025533030815854,1.0,0.99,0.9731948903065998,0.0004900615767475992,q99,103.47229071820402,768,65700
0.04095599718283982,os_scan,34069,1.0,1565975,19,34069,0,0.07741365343545178,1249657,1314658,1249657,1314658,0,0.0,1565975,0.9992502313116166,0.25,0.43075885974567374,0.0402653714740987,1.0,0.99,0.9731948903065998,0.0007497686883833711,q99_5,112.87897459153001,1175,65700
0.041365097835073646,os_scan,34069,1.0,1565307,17,34069,0,0.07744413148528297,1249657,1314658,1249657,1314658,0,0.0,1565307,0.998823979836008,0.25,0.43075885974567374,0.04028186267747472,1.0,0.99,0.9731948903065998,0.0011760201639919598,q99_9,129.8884372656138,1843,65700
0.040720825550417984,os_scan,34069,1.0,1566359,23,34069,0,0.07739614397567618,1249657,1314658,1249657,1314658,0,0.0,1566359,0.9994952620999904,0.5,0.43075885974567374,0.04025589761154468,1.0,0.99,0.9731948903065998,0.0005047379000095715,q99,78.90917679430487,791,65700
0.04095599718283982,os_scan,34069,1.0,1565975,19,34069,0,0.07741365343545178,1249657,1314658,1249657,1314658,0,0.0,1565975,0.9992502313116166,0.5,0.43075885974567374,0.0402653714740987,1.0,0.99,0.9731948903065998,0.0007497686883833711,q99_5,87.87897459153322,1175,65700
0.04137122209633463,os_scan,34069,1.0,1565297,17,34069,0,0.07744458792583472,1249657,1314658,1249657,1314658,0,0.0,1565297,0.9988175988258942,0.5,0.43075885974567374,0.04028210965440157,1.0,0.99,0.9731948903065998,0.001182401174105861,q99_9,105.0434550363508,1853,65700
0.041251799001745415,os_scan,34069,1.0,1565492,17,34069,0,0.07743568830544312,1249657,1314658,1249657,1314658,0,0.0,1565492,0.9989420285231152,1.0,0.43075885974567374,0.04027729415053531,1.0,0.99,0.9731948903065998,0.0010579714768847908,q99,49.96725752632154,1658,65700
0.04144471323146645,os_scan,34069,1.0,1565177,23,34069,0,0.07745006563215226,1249657,1314658,1249657,1314658,0,0.0,1565177,0.9987410267045274,1.0,0.43075885974567374,0.04028507361376732,1.0,0.99,0.9731948903065998,0.0012589732954726733,q99_5,59.463800558139525,1973,65700
0.041658449949474846,os_scan,34069,1.0,1564828,32,34069,0,0.07746600103288001,1249657,1314658,1249657,1314658,0,0.0,1564828,0.9985183294515522,1.0,0.43075885974567374,0.040293696275071636,1.0,0.99,0.9731948903065998,0.0014816705484478193,q99_9,69.41968580605524,2322,65700
0.2021707666058781,fuzzing,42362,1.0,1738580,95,42362,0,0.3323799817675353,1235004,1300005,1235004,1300005,0,0.0,1738580,0.9955478697057586,0.25,0.2837204931584512,0.1993139792839797,1.0,0.9,0.7153361391995622,0.0044521302942414345,q99,36.73437369580536,7775,432783
0.20375396142878513,fuzzing,42362,1.0,1735130,138,42362,0,0.3328209064035166,1235004,1300005,1235004,1300005,0,0.0,1735130,0.9935723263597608,0.25,0.2837204931584512,0.19963116601081315,1.0,0.9,0.7153361391995622,0.006427673640239241,q99_5,47.02442675283279,11225,432783
0.20601357050356608,fuzzing,42362,1.0,1730206,176,42362,0,0.33345224465014645,1235004,1300005,1235004,1300005,0,0.0,1730206,0.9907527392769512,0.25,0.2837204931584512,0.20008562225697865,1.0,0.9,0.7153361391995622,0.009247260723048864,q99_9,58.376740678418535,16149,432783
0.20217810895868,fuzzing,42362,1.0,1738564,96,42362,0,0.33238202393889704,1235004,1300005,1235004,1300005,0,0.0,1738564,0.9955387077656032,0.5,0.2837204931584512,0.19931544796847303,1.0,0.9,0.7153361391995622,0.004461292234396786,q99,34.280402504602094,7791,432783
0.20376910503143902,fuzzing,42362,1.0,1735097,137,42362,0,0.33282512959195404,1235004,1300005,1235004,1300005,0,0.0,1735097,0.9935534298581904,0.5,0.2837204931584512,0.19963420484528663,1.0,0.9,0.7153361391995622,0.006446570141809655,q99_5,44.6120607904814,11258,432783
0.20601448829766633,fuzzing,42362,1.0,1730204,177,42362,0,0.3334525015698618,1235004,1300005,1235004,1300005,0,0.0,1730204,0.9907515940344317,0.5,0.2837204931584512,0.20008580726560077,1.0,0.9,0.7153361391995622,0.009248405965568283,q99_9,55.88135514726347,16151,432783
0.20227723072150547,fuzzing,42362,1.0,1738348,95,42362,0,0.33240959570861406,1235004,1300005,1235004,1300005,0,0.0,1738348,0.9954150215735059,1.0,0.2837204931584512,0.19933527732780748,1.0,0.9,0.7153361391995622,0.004584978426494041,q99,29.96355112043741,8007,432783
0.20382096039810238,fuzzing,42362,1.0,1734984,135,42362,0,0.33283959162484855,1235004,1300005,1235004,1300005,0,0.0,1734984,0.9934887236558432,1.0,0.2837204931584512,0.19964461125203953,1.0,0.9,0.7153361391995622,0.00651127634415683,q99_5,39.94431313584637,11371,432783
0.20601770057701715,fuzzing,42362,1.0,1730197,178,42362,0,0.33345340079198293,1235004,1300005,1235004,1300005,0,0.0,1730197,0.9907475856856137,1.0,0.2837204931584512,0.20008645479847248,1.0,0.9,0.7153361391995622,0.00925241431438625,q99_9,50.89869548351428,16158,432783
0.20112769361095992,fuzzing,42362,1.0,1740853,74,42362,0,0.3320901205830682,1235004,1300005,1235004,1300005,0,0.0,1740853,0.9968494378290783,0.25,0.295796471463988,0.19910555401180327,1.0,0.95,0.7234596617717796,0.00315056217092172,q99,59.86666639337401,5502,432783
0.20204824109349662,fuzzing,42362,1.0,1738847,72,42362,0,0.33234590673599007,1235004,1300005,1235004,1300005,0,0.0,1738847,0.995700759582101,0.25,0.295796471463988,0.19928947380539042,1.0,0.95,0.7234596617717796,0.004299240417898995,q99_5,73.65301842332205,7508,432783
0.2044267045042581,fuzzing,42362,1.0,1733664,113,42362,0,0.3330086217841438,1235004,1300005,1235004,1300005,0,0.0,1733664,0.9927328635930266,0.25,0.295796471463988,0.19976625322475003,1.0,0.95,0.7234596617717796,0.007267136406973382,q99_9,102.03564263654614,12691,432783
0.2011832201540242,fuzzing,42362,1.0,1740732,73,42362,0,0.3321055382001598,1235004,1300005,1235004,1300005,0,0.0,1740732,0.9967801506566534,0.5,0.295796471463988,0.19911663825646475,1.0,0.95,0.7234596617717796,0.0032198493433465702,q99,55.620001191491326,5623,432783
0.20216434204717645,fuzzing,42362,1.0,1738594,75,42362,0,0.3323781948881789,1235004,1300005,1235004,1300005,0,0.0,1738594,0.9955558864033945,0.5,0.295796471463988,0.1993126942028031,1.0,0.95,0.7234596617717796,0.0044441135966055015,q99_5,70.10832663601995,7761,432783
0.2044267045042581,fuzzing,42362,1.0,1733664,113,42362,0,0.3330086217841438,1235004,1300005,1235004,1300005,0,0.0,1733664,0.9927328635930266,0.5,0.295796471463988,0.19976625322475003,1.0,0.95,0.7234596617717796,0.007267136406973382,q99_9,97.03590045492106,12691,432783
0.20135438875371822,fuzzing,42362,1.0,1740359,67,42362,0,0.33215307424427026,1235004,1300005,1235004,1300005,0,0.0,1740359,0.9965665629267818,1.0,0.295796471463988,0.19915081481099717,1.0,0.95,0.7234596617717796,0.003433437073218217,q99,47.955178655484,5996,432783
0.20224510792799721,fuzzing,42362,1.0,1738418,73,42362,0,0.3324006599118889,1235004,1300005,1235004,1300005,0,0.0,1738418,0.9954551050616857,1.0,0.295796471463988,0.19932885071442027,1.0,0.95,0.7234596617717796,0.004544894938314375,q99_5,61.399724780992486,7937,432783
0.20446158068006706,fuzzing,42362,1.0,1733588,112,42362,0,0.3330183590506757,1235004,1300005,1235004,1300005,0,0.0,1733588,0.9926893443772887,1.0,0.295796471463988,0.19977326136658957,1.0,0.95,0.7234596617717796,0.0073106556227113045,q99_9,87.33824781094484,12767,432783
0.19982717937092556,fuzzing,42362,1.0,1743687,17,42362,0,0.3317294260081334,1235004,1300005,1235004,1300005,0,0.0,1743687,0.998472246479095,0.25,0.3146286358533729,0.19884629698548567,1.0,0.99,0.7300352970577443,0.0015277535209049706,q99,239.68416574502166,2668,432783
0.2002007215697216,fuzzing,42362,1.0,1742873,25,42362,0,0.3318329468314191,1235004,1300005,1235004,1300005,0,0.0,1742873,0.9980061327736914,0.25,0.3146286358533729,0.19892069334490378,1.0,0.99,0.7300352970577443,0.0019938672263085113,q99_5,259.642322276559,3482,432783
0.20093725133516097,fuzzing,42362,1.0,1741268,29,42362,0,0.3320372528515433,1235004,1300005,1235004,1300005,0,0.0,1741268,0.9970870756518577,0.25,0.3146286358533729,0.19906754717345637,1.0,0.99,0.7300352970577443,0.0029129243481422736,q99_9,292.39635084020426,5087,432783
0.19982855606207592,fuzzing,42362,1.0,1743684,16,42362,0,0.33172980741592417,1235004,1300005,1235004,1300005,0,0.0,1743684,0.9984705286153159,0.5,0.3146286358533729,0.19884657107137393,1.0,0.99,0.7300352970577443,0.0015294713846840992,q99,214.7671413727795,2671,432783
0.2002030160549722,fuzzing,42362,1.0,1742868,25,42362,0,0.33183358290836573,1235004,1300005,1235004,1300005,0,0.0,1742868,0.998003269667393,0.5,0.3146286358533729,0.19892115049702366,1.0,0.99,0.7300352970577443,0.0019967303326070586,q99_5,234.80573716560463,3487,432783
0.20094229920271225,fuzzing,42362,1.0,1741257,29,42362,0,0.33203865394773635,1235004,1300005,1235004,1300005,0,0.0,1741257,0.9970807768180009,0.5,0.3146286358533729,0.19906855439642324,1.0,0.99,0.7300352970577443,0.002919223181999078,q99_9,267.5304355230572,5098,432783
0.199848288635231,fuzzing,42362,1.0,1743641,15,42362,0,0.3317352743573047,1235004,1300005,1235004,1300005,0,0.0,1743641,0.9984459059011483,1.0,0.3146286358533729,0.19885049971880478,1.0,0.99,0.7300352970577443,0.0015540940988516081,q99,166.52125091639348,2714,432783
0.20026083708328707,fuzzing,42362,1.0,1742742,28,42362,0,0.3318496128524699,1235004,1300005,1235004,1300005,0,0.0,1742742,0.9979311193886695,1.0,0.3146286358533729,0.198932671424139,1.0,0.99,0.7300352970577443,0.0020688806113304567,q99_5,187.58412326295027,3613,432783
0.20101755831893162,fuzzing,42362,1.0,1741093,30,42362,0,0.33205954442065494,1235004,1300005,1235004,1300005,0,0.0,1741093,0.9969868669314086,1.0,0.3146286358533729,0.19908357238407343,1.0,0.99,0.7300352970577443,0.0030131330685914375,q99_9,220.36738188197415,5262,432783
0.045317072487713356,ssl_renegotiation,29299,1.0,2045475,157,29299,0,0.08306694656888917,1255010,1320011,1255010,1320011,0,0.0,2045475,0.9978325962306785,0.25,0.23173674359750018,0.043333253824492185,1.0,0.9,0.8673542278503529,0.0021674037693215045,q99,24.063929279670294,4443,92652
0.046198257233135906,ssl_renegotiation,29299,1.0,2043587,147,29299,0,0.08313730909227952,1255010,1320011,1255010,1320011,0,0.0,2043587,0.9969115837804244,0.25,0.23173674359750018,0.043371551591371564,1.0,0.9,0.8673542278503529,0.003088416219575612,q99_5,31.258371096122545,6331,92652
0.04697162753142255,ssl_renegotiation,29299,1.0,2041930,151,29299,0,0.08319916093234928,1255010,1320011,1255010,1320011,0,0.0,2041930,0.9961032587644969,0.25,0.23173674359750018,0.04340521938253016,1.0,0.9,0.8673542278503529,0.003896741235503079,q99_9,38.7401468901858,7988,92652
0.04544869012447668,ssl_renegotiation,29299,1.0,2045193,153,29299,0,0.08307744865830351,1255010,1320011,1255010,1320011,0,0.0,2045193,0.9976950297524096,0.5,0.23173674359750018,0.043338969850480275,1.0,0.9,0.8673542278503529,0.0023049702475903913,q99,22.593645553824945,4725,92652
0.04624866398764101,ssl_renegotiation,29299,1.0,2043479,158,29299,0,0.08314133767172488,1255010,1320011,1255010,1320011,0,0.0,2043479,0.9968588987461937,0.5,0.23173674359750018,0.04337374440050727,1.0,0.9,0.8673542278503529,0.0031411012538062498,q99_5,29.209039368046078,6439,92652
0.04704163691267963,ssl_renegotiation,29299,1.0,2041780,154,29299,0,0.08320476461597316,1255010,1320011,1255010,1320011,0,0.0,2041780,0.9960300851058432,0.5,0.23173674359750018,0.04340826974108334,1.0,0.9,0.8673542278503529,0.003969914894156742,q99_9,36.90082044595402,8138,92652
0.04565031714249709,ssl_renegotiation,29299,1.0,2044761,149,29299,0,0.0830935421164854,1255010,1320011,1255010,1320011,0,0.0,2044761,0.9974842896154871,1.0,0.23173674359750018,0.043347729240909454,1.0,0.9,0.8673542278503529,0.0025157103845129414,q99,19.119204011057672,5157,92652
0.04635974553923559,ssl_renegotiation,29299,1.0,2043241,158,29299,0,0.08315021684552028,1255010,1320011,1255010,1320011,0,0.0,2043241,0.99674279654113,1.0,0.23173674359750018,0.04337857748492083,1.0,0.9,0.8673542278503529,0.003257203458870062,q99_5,25.112848648444576,6677,92652
0.047122381065729475,ssl_renegotiation,29299,1.0,2041607,153,29299,0,0.08321122846849291,1255010,1320011,1255010,1320011,0,0.0,2041607,0.995945691486196,1.0,0.23173674359750018,0.04341178835370965,1.0,0.9,0.8673542278503529,0.004054308513803967,q99_9,32.51752304408135,8311,92652
0.044329473482780025,ssl_renegotiation,29299,1.0,2047591,81,29299,0,0.08298822828659654,1255010,1320011,1255010,1320011,0,0.0,2047591,0.9988648326420861,0.25,0.19298864401720947,0.04329041141589997,1.0,0.95,0.8464968991901387,0.0011351673579138286,q99,39.245177255725686,2327,92652
0.04535487755359218,ssl_renegotiation,29299,1.0,2045394,110,29299,0,0.083069962854676,1255010,1320011,1255010,1320011,0,0.0,2045394,0.9977930824550055,0.25,0.19298864401720947,0.0433348955073932,1.0,0.95,0.8464968991901387,0.0022069175449944828,q99_5,51.4346761489013,4524,92652
0.046141316269713475,ssl_renegotiation,29299,1.0,2043709,110,29299,0,0.08313275875914587,1255010,1320011,1255010,1320011,0,0.0,2043709,0.9969710983561294,0.25,0.19298864401720947,0.043369074795879536,1.0,0.95,0.8464968991901387,0.0030289016438706327,q99_9,61.639708776102694,6209,92652
0.0443901482798695,ssl_renegotiation,29299,1.0,2047461,83,29299,0,0.08299306017426822,1255010,1320011,1255010,1320011,0,0.0,2047461,0.998801415471253,0.5,0.19298864401720947,0.043293041068392185,1.0,0.95,0.8464968991901387,0.0011985845287470036,q99,35.03583270890176,2457,92652
0.04541368543384813,ssl_renegotiation,29299,1.0,2045268,109,29299,0,0.08307465529021255,1255010,1320011,1255010,1320011,0,0.0,2045268,0.9977316165817365,0.5,0.19298864401720947,0.043337449483610235,1.0,0.95,0.8464968991901387,0.0022683834182635598,q99_5,47.102187725866926,4650,92652
0.046180521523217444,ssl_renegotiation,29299,1.0,2043625,110,29299,0,0.08313589172198846,1255010,1320011,1255010,1320011,0,0.0,2043625,0.9969301211072833,0.5,0.19298864401720947,0.04337078010014619,1.0,0.95,0.8464968991901387,0.0030698788927166843,q99_9,57.24429377015404,6293,92652
0.044757930896073404,ssl_renegotiation,29299,1.0,2046673,89,29299,0,0.08302236089350383,1255010,1320011,1255010,1320011,0,0.0,2046673,0.9984170098511258,1.0,0.19298864401720947,0.04330898764797308,1.0,0.95,0.8464968991901387,0.0015829901488742476,q99,29.305885916560765,3245,92652
0.045647516767246814,ssl_renegotiation,29299,1.0,2044767,106,29299,0,0.08309331855353484,1255010,1320011,1255010,1320011,0,0.0,2044767,0.9974872165618333,1.0,0.19298864401720947,0.04334760755846186,1.0,0.95,0.8464968991901387,0.002512783438166795,q99_5,39.815183572604106,5151,92652
0.046362545914485874,ssl_renegotiation,29299,1.0,2043235,96,29299,0,0.0831504407147463,1255010,1320011,1255010,1320011,0,0.0,2043235,0.9967398695947838,1.0,0.19298864401720947,0.0433786993413041,1.0,0.95,0.8464968991901387,0.0032601304052162087,q99_9,49.85584579639574,6683,92652
0.04335214252043107,ssl_renegotiation,29299,1.0,2049685,3,29299,0,0.08291047517459818,1255010,1320011,1255010,1320011,0,0.0,2049685,0.9998863369168913,0.25,0.16159686832031248,0.04324809775492838,1.0,0.99,0.8223578672635588,0.0001136630831086902,q99,120.24454456186274,233,92652
0.04342075171406302,ssl_renegotiation,29299,1.0,2049538,8,29299,0,0.08291592873232202,1255010,1320011,1255010,1320011,0,0.0,2049538,0.9998146267314107,0.25,0.16159686832031248,0.04325106549839183,1.0,0.99,0.8223578672635588,0.00018537326858928015,q99_5,139.98112506517674,380,92652
0.04358784077066327,ssl_renegotiation,29299,1.0,2049180,11,29299,0,0.08292921318747415,1255010,1320011,1255010,1320011,0,0.0,2049180,0.999639985599424,0.25,0.16159686832031248,0.04325829476821712,1.0,0.99,0.8223578672635588,0.00036001440057602306,q99_9,154.64615370060437,738,92652
0.0433563430833065,ssl_renegotiation,29299,1.0,2049676,4,29299,0,0.08291080904527111,1255010,1320011,1255010,1320011,0,0.0,2049676,0.999881946497372,0.5,0.16159686832031248,0.0432482794418035,1.0,0.99,0.8223578672635588,0.00011805350262791,q99,97.35469452142857,242,92652
0.043522031952281603,ssl_renegotiation,29299,1.0,2049321,9,29299,0,0.08292398053364658,1255010,1320011,1255010,1320011,0,0.0,2049321,0.9997087688385584,0.5,0.16159686832031248,0.043255447197513695,1.0,0.99,0.8223578672635588,0.0002912311614415796,q99_5,125.60023127558821,597,92652
0.04365178267221141,ssl_renegotiation,29299,1.0,2049043,12,29299,0,0.08293429802980469,1255010,1320011,1255010,1320011,0,0.0,2049043,0.9995731536578536,0.5,0.16159686832031248,0.0432610619159124,1.0,0.99,0.8223578672635588,0.0004268463421463688,q99_9,134.27861573454777,875,92652
0.04341141712989541,ssl_renegotiation,29299,1.0,2049558,6,29299,0,0.08291518670951495,1255010,1320011,1255010,1320011,0,0.0,2049558,0.9998243832192312,1.0,0.16159686832031248,0.04325066169983335,1.0,0.99,0.8223578672635588,0.00017561678076879174,q99,64.22452588187085,360,92652
0.043690521196507,ssl_renegotiation,29299,1.0,2048960,9,29299,0,0.08293737893104844,1255010,1320011,1255010,1320011,0,0.0,2048960,0.9995326642333986,1.0,0.16159686832031248,0.043262738535271565,1.0,0.99,0.8223578672635588,0.00046733576660139574,q99_5,88.56967496189493,958,92652
0.04383707416793851,ssl_renegotiation,29299,1.0,2048646,11,29299,0,0.0829490364600819,1255010,1320011,1255010,1320011,0,0.0,2048646,0.9993794873746169,1.0,0.16159686832031248,0.04326908258448847,1.0,0.99,0.8223578672635588,0.0006205126253830641,q99_9,111.27639070771362,1272,92652
0.47677006115774173,arp_mitm,49867,1.0,1276297,327,49867,0,0.6421772094691073,1234999,1300000,1234999,1300000,0,0.0,1276297,0.9863237387499478,0.25,0.7462408396534739,0.4729462592228427,1.0,0.9,0.7559948062607619,0.013676261250052163,q99,46.075792266206214,17697,1145272
0.47836849281710153,arp_mitm,49867,1.0,1272398,309,49867,0,0.6428799570691861,1234999,1300000,1234999,1300000,0,0.0,1272398,0.9833105872206517,0.25,0.7462408396534739,0.4737089842699789,1.0,0.9,0.7559948062607619,0.01668941277934828,q99_5,52.52140622671583,21596,1145272
0.48051053062683613,arp_mitm,49867,1.0,1267173,249,49867,0,0.6438241152964106,1234999,1300000,1234999,1300000,0,0.0,1267173,0.9792727014190173,0.25,0.7462408396534739,0.4747349680510851,1.0,0.9,0.7559948062607619,0.0207272985809826,q99_9,61.96859898356997,26821,1145272
0.47677006115774173,arp_mitm,49867,1.0,1276297,327,49867,0,0.6421772094691073,1234999,1300000,1234999,1300000,0,0.0,1276297,0.9863237387499478,0.5,0.7462408396534739,0.4729462592228427,1.0,0.9,0.7559948062607619,0.013676261250052163,q99,43.57621680832405,17697,1145272
0.47836849281710153,arp_mitm,49867,1.0,1272398,309,49867,0,0.6428799570691861,1234999,1300000,1234999,1300000,0,0.0,1272398,0.9833105872206517,0.5,0.7462408396534739,0.4737089842699789,1.0,0.9,0.7559948062607619,0.01668941277934828,q99_5,50.02142209944568,21596,1145272
0.48051053062683613,arp_mitm,49867,1.0,1267173,249,49867,0,0.6438241152964106,1234999,1300000,1234999,1300000,0,0.0,1267173,0.9792727014190173,0.5,0.7462408396534739,0.4747349680510851,1.0,0.9,0.7559948062607619,0.0207272985809826,q99_9,59.46859957190409,26821,1145272
0.47681925628447247,arp_mitm,49867,1.0,1276177,329,49867,0,0.6421988151021625,1234999,1300000,1234999,1300000,0,0.0,1276177,0.9862310026167046,1.0,0.7462408396534739,0.47296969706981234,1.0,0.9,0.7559948062607619,0.01376899738329544,q99,38.858133344113796,17817,1145272
0.47842465725345246,arp_mitm,49867,1.0,1272261,304,49867,0,0.6429046776346166,1234999,1300000,1234999,1300000,0,0.0,1272261,0.9832047134685323,1.0,0.7462408396534739,0.4737358290455601,1.0,0.9,0.7559948062607619,0.01679528653146769,q99_5,45.25007883845719,21733,1145272
0.4805261090836342,arp_mitm,49867,1.0,1267135,251,49867,0,0.6438309920597108,1234999,1300000,1234999,1300000,0,0.0,1267135,0.9792433349768237,1.0,0.7462408396534739,0.47474244603004384,1.0,0.9,0.7559948062607619,0.020756665023176305,q99_9,54.52844264721836,26859,1145272
0.47575377183136236,arp_mitm,49867,1.0,1278776,187,49867,0,0.6417311980993579,1234999,1300000,1234999,1300000,0,0.0,1278776,0.9882395127025319,0.25,0.7290354563689152,0.47246259149983827,1.0,0.95,0.7637635422882538,0.011760487297468149,q99,83.00408858770447,15218,1145272
0.47697012133978006,arp_mitm,49867,1.0,1275809,184,49867,0,0.6422650814431438,1234999,1300000,1234999,1300000,0,0.0,1275809,0.9859466118080918,0.25,0.7290354563689152,0.4730415876213972,1.0,0.95,0.7637635422882538,0.014053388191908154,q99_5,92.57456838229525,18185,1145272
0.47897441279466857,arp_mitm,49867,1.0,1270920,111,49867,0,0.6431467508867139,1234999,1300000,1234999,1300000,0,0.0,1270920,0.9821683871795387,0.25,0.7290354563689152,0.47399875506582256,1.0,0.95,0.7637635422882538,0.0178316128204613,q99_9,109.90044940806348,23074,1145272
0.4757554116689201,arp_mitm,49867,1.0,1278772,189,49867,0,0.6417319172636997,1234999,1300000,1234999,1300000,0,0.0,1278772,0.9882364214980904,0.5,0.7290354563689152,0.4724633711269267,1.0,0.95,0.7637635422882538,0.011763578501909592,q99,78.0073176825241,15222,1145272
0.47697012133978006,arp_mitm,49867,1.0,1275809,184,49867,0,0.6422650814431438,1234999,1300000,1234999,1300000,0,0.0,1275809,0.9859466118080918,0.5,0.7290354563689152,0.4730415876213972,1.0,0.95,0.7637635422882538,0.014053388191908154,q99_5,87.57456843517497,18185,1145272
0.47897441279466857,arp_mitm,49867,1.0,1270920,111,49867,0,0.6431467508867139,1234999,1300000,1234999,1300000,0,0.0,1270920,0.9821683871795387,0.5,0.7290354563689152,0.47399875506582256,1.0,0.95,0.7637635422882538,0.0178316128204613,q99_9,104.90045055775856,23074,1145272
0.4757668905318239,arp_mitm,49867,1.0,1278744,191,49867,0,0.6417369514592266,1234999,1300000,1234999,1300000,0,0.0,1278744,0.9882147830670003,1.0,0.7290354563689152,0.4724688285885902,1.0,0.95,0.7637635422882538,0.011785216932999689,q99,68.10076793799989,15250,1145272
0.4769725810961166,arp_mitm,49867,1.0,1275803,185,49867,0,0.64226616198592,1234999,1300000,1234999,1300000,0,0.0,1275803,0.9859419750014297,1.0,0.7290354563689152,0.47304275993102235,1.0,0.95,0.7637635422882538,0.014058024998570317,q99_5,77.60065350219585,18191,1145272
0.47897441279466857,arp_mitm,49867,1.0,1270920,111,49867,0,0.6431467508867139,1234999,1300000,1234999,1300000,0,0.0,1270920,0.9821683871795387,1.0,0.7290354563689152,0.47399875506582256,1.0,0.95,0.7637635422882538,0.0178316128204613,q99_9,94.90048383002306,23074,1145272
0.47409466618236795,arp_mitm,49867,1.0,1282823,48,49867,0,0.6410044084472711,1234999,1300000,1234999,1300000,0,0.0,1282823,0.9913670387961614,0.25,0.7940274687416158,0.47167511979555987,1.0,0.99,0.837542560823697,0.008632961203838658,q99,334.91340198236855,11171,1145272
0.4748903973572378,arp_mitm,49867,1.0,1280882,41,49867,0,0.6413527817740029,1234999,1300000,1234999,1300000,0,0.0,1280882,0.9898670318409514,0.25,0.7940274687416158,0.47205247482229074,1.0,0.99,0.837542560823697,0.01013296815904865,q99_5,372.1650825671038,13112,1145272
0.47531757504101646,arp_mitm,49867,1.0,1279840,45,49867,0,0.6415399576068008,1234999,1300000,1234999,1300000,0,0.0,1279840,0.9890617730839556,0.25,0.7940274687416158,0.4722553020231643,1.0,0.99,0.837542560823697,0.010938226916044434,q99_9,388.71579535794075,14154,1145272
0.47409753589809395,arp_mitm,49867,1.0,1282816,47,49867,0,0.6410056641368348,1234999,1300000,1234999,1300000,0,0.0,1282816,0.9913616291883888,0.5,0.7940274687416158,0.47167647960040987,1.0,0.99,0.837542560823697,0.008638370811611182,q99,310.0466374780413,11178,1145272
0.4748961367886897,arp_mitm,49867,1.0,1280868,44,49867,0,0.6413552958885729,1234999,1300000,1234999,1300000,0,0.0,1280868,0.9898562126254064,0.5,0.7940274687416158,0.47205519879314467,1.0,0.99,0.837542560823697,0.0101437873745937,q99_5,347.49176272645394,13126,1145272
0.47532536426941546,arp_mitm,49867,1.0,1279821,43,49867,0,0.6415433716160673,1234999,1300000,1234999,1300000,0,0.0,1279821,0.9890470898628587,0.5,0.7940274687416158,0.4722590020259017,1.0,0.99,0.837542560823697,0.010952910137141286,q99_9,363.8833013075242,14173,1145272
0.4741274629335218,arp_mitm,49867,1.0,1282743,44,49867,0,0.6410187594783179,1234999,1300000,1234999,1300000,0,0.0,1282743,0.9913052147073325,1.0,0.7940274687416158,0.4716906608896568,1.0,0.99,0.837542560823697,0.008694785292667508,q99,261.0593163919938,11251,1145272
0.47493754268702143,arp_mitm,49867,1.0,1280767,45,49867,0,0.6413734340134477,1234999,1300000,1234999,1300000,0,0.0,1280767,0.9897781597132599,1.0,0.7940274687416158,0.4720748512286901,1.0,0.99,0.837542560823697,0.010221840286740124,q99_5,299.2556896019032,13227,1145272
0.4753729195585885,arp_mitm,49867,1.0,1279705,41,49867,0,0.641564215829204,1234999,1300000,1234999,1300000,0,0.0,1279705,0.9889574449340569,1.0,0.7940274687416158,0.4722815927738696,1.0,0.99,0.837542560823697,0.011042555065943118,q99_9,315.4571853581138,14289,1145272
0.00767327784500836,syn_dos,1113,1.0,2685509,257,1113,0,0.005214134765158348,2617348,2682349,2617348,2682349,0,0.0,2685509,0.9949141183230669,0.25,0.005520211028778554,0.0026138819489501947,1.0,0.9,0.711960334202841,0.005085881676933148,q99,18.811466096907406,13728,7038
0.008438536364560142,syn_dos,1113,1.0,2683438,266,1113,0,0.005218137885475292,2617348,2682349,2617348,2682349,0,0.0,2683438,0.994146864465773,0.25,0.005520211028778554,0.002615893990505769,1.0,0.9,0.711960334202841,0.005853135534226894,q99_5,21.41672969806928,15799,7038
0.009574045505353299,syn_dos,1113,1.0,2680365,314,1113,0,0.005224089152443864,2617348,2682349,2617348,2682349,0,0.0,2680365,0.9930083945944724,0.25,0.005520211028778554,0.00261888522115961,1.0,0.9,0.711960334202841,0.006991605405527562,q99_9,25.49024066427964,18872,7038
0.007729443607911243,syn_dos,1113,1.0,2685357,265,1113,0,0.005214428363289624,2617348,2682349,2617348,2682349,0,0.0,2685357,0.9948578061133572,0.5,0.005520211028778554,0.002614029516471394,1.0,0.9,0.711960334202841,0.005142193886642781,q99,16.525444118865853,13880,7038
0.008466249734413539,syn_dos,1113,1.0,2683363,263,1113,0,0.005218282971366544,2617348,2682349,2617348,2682349,0,0.0,2683363,0.9941190788359822,0.5,0.005520211028778554,0.002615966913482414,1.0,0.9,0.711960334202841,0.005880921164017831,q99_5,19.03152517555466,15874,7038
0.009687116054355157,syn_dos,1113,1.0,2680059,325,1113,0,0.005224682504774259,2617348,2682349,2617348,2682349,0,0.0,2680059,0.9928950292249255,0.5,0.005520211028778554,0.0026191834533699377,1.0,0.9,0.711960334202841,0.007104970775074586,q99_9,23.382389979054707,19178,7038
0.007876509223933266,syn_dos,1113,1.0,2684959,289,1113,0,0.005215197283473538,2617348,2682349,2617348,2682349,0,0.0,2684959,0.9947103570379333,1.0,0.005520211028778554,0.0026144159893194533,1.0,0.9,0.711960334202841,0.005289642962066687,q99,12.138462327727117,14278,7038
0.008682044507671984,syn_dos,1113,1.0,2682779,264,1113,0,0.0052194129829004525,2617348,2682349,2617348,2682349,0,0.0,2682779,0.9939027213986767,1.0,0.005520211028778554,0.0026165348795103905,1.0,0.9,0.711960334202841,0.006097278601323263,q99_5,14.789977958421074,16458,7038
0.01011537999648964,syn_dos,1113,1.0,2678900,369,1113,0,0.005226931097789211,2617348,2682349,2617348,2682349,0,0.0,2678900,0.9924656486258895,1.0,0.005520211028778554,0.0026203136483418455,1.0,0.9,0.711960334202841,0.007534351374110536,q99_9,19.70654353578837,20337,7038
0.0069372107417021555,syn_dos,1113,1.0,2687501,125,1113,0,0.005210290137945356,2617348,2682349,2617348,2682349,0,0.0,2687501,0.9956521046503142,0.25,0.010320174625160418,0.0026119495765323866,1.0,0.95,0.7968328424838255,0.004347895349685856,q99,32.60851506332574,11736,7038
0.007237993182511016,syn_dos,1113,1.0,2686687,118,1113,0,0.005211860500162362,2617348,2682349,2617348,2682349,0,0.0,2686687,0.9953505379483165,0.25,0.010320174625160418,0.0026127388653258963,1.0,0.95,0.7968328424838255,0.004649462051683494,q99_5,35.283806074003415,12550,7038
0.008045745535838006,syn_dos,1113,1.0,2684501,163,1113,0,0.005216082401947396,2617348,2682349,2617348,2682349,0,0.0,2684501,0.9945406794586766,0.25,0.010320174625160418,0.00261486086584664,1.0,0.95,0.7968328424838255,0.005459320541323344,q99_9,42.016415451939736,14736,7038
0.006972314343516457,syn_dos,1113,1.0,2687406,126,1113,0,0.005210473362398861,2617348,2682349,2617348,2682349,0,0.0,2687406,0.9956169095192456,0.5,0.010320174625160418,0.0026120416679656358,1.0,0.95,0.7968328424838255,0.0043830904807543765,q99,27.919210112911383,11831,7038
0.007354019824297235,syn_dos,1113,1.0,2686373,128,1113,0,0.00521246651945658,2617348,2682349,2617348,2682349,0,0.0,2686373,0.9952342087782584,0.5,0.010320174625160418,0.002613043460504171,1.0,0.95,0.7968328424838255,0.0047657912217415515,q99_5,31.253094289088516,12864,7038
0.008045745535838006,syn_dos,1113,1.0,2684501,163,1113,0,0.005216082401947396,2617348,2682349,2617348,2682349,0,0.0,2684501,0.9945406794586766,0.5,0.010320174625160418,0.00261486086584664,1.0,0.95,0.7968328424838255,0.005459320541323344,q99_9,37.016415566577045,14736,7038
0.007010004526517076,syn_dos,1113,1.0,2687304,129,1113,0,0.005210670101947893,2617348,2682349,2617348,2682349,0,0.0,2687304,0.9955791210627299,1.0,0.010320174625160418,0.002612140552312958,1.0,0.95,0.7968328424838255,0.004420878937270051,q99,18.50854857486821,11933,7038
0.007505519579495802,syn_dos,1113,1.0,2685963,129,1113,0,0.005213258030717333,2617348,2682349,2617348,2682349,0,0.0,2685963,0.995082314002068,1.0,0.010320174625160418,0.002613441287247944,1.0,0.95,0.7968328424838255,0.0049176859979320085,q99_5,22.49659305967245,13274,7038
0.008205005034595524,syn_dos,1113,1.0,2684070,173,1113,0,0.005216915615389234,2617348,2682349,2617348,2682349,0,0.0,2684070,0.9943810047061448,1.0,0.010320174625160418,0.002615279654328254,1.0,0.95,0.7968328424838255,0.005618995293855264,q99_9,28.298970719799147,15167,7038
0.006002715910245633,syn_dos,1113,1.0,2690030,26,1113,0,0.005205417243258956,2617348,2682349,2617348,2682349,0,0.0,2690030,0.9965890360868646,0.25,0.03301110161332419,0.0026095003907947445,1.0,0.99,0.9314522599037484,0.0034109639131354526,q99,126.31824213016773,9207,7038
0.006358925090761286,syn_dos,1113,1.0,2689066,24,1113,0,0.005207273609747471,2617348,2682349,2617348,2682349,0,0.0,2689066,0.996231898125285,0.25,0.03301110161332419,0.002610433425416824,1.0,0.99,0.9314522599037484,0.0037681018747149657,q99_5,141.99522979555076,10171,7038
0.006489362684871271,syn_dos,1113,1.0,2688713,31,1113,0,0.005207953710038039,2617348,2682349,2617348,2682349,0,0.0,2688713,0.9961011204277357,0.25,0.03301110161332419,0.0026107752533524055,1.0,0.99,0.9314522599037484,0.0038988795722643102,q99_9,147.4306934320171,10524,7038
0.006003454933441723,syn_dos,1113,1.0,2690028,26,1113,0,0.005205421093271561,2617348,2682349,2617348,2682349,0,0.0,2690028,0.9965882951367367,0.5,0.03301110161332419,0.0026095023258607686,1.0,0.99,0.9314522599037484,0.003411704863263211,q99,101.35978621057868,9209,7038
0.006360772648751512,syn_dos,1113,1.0,2689061,25,1113,0,0.0052072832416558985,2617348,2682349,2617348,2682349,0,0.0,2689061,0.9962300457499657,0.5,0.03301110161332419,0.0026104382665473338,1.0,0.99,0.9314522599037484,0.0037699542500343615,q99_5,117.06682867970156,10176,7038
0.006492688289253679,syn_dos,1113,1.0,2688704,31,1113,0,0.005207971052027913,2617348,2682349,2617348,2682349,0,0.0,2688704,0.9960977861521608,0.5,0.03301110161332419,0.002610783969682559,1.0,0.99,0.9314522599037484,0.0039022138478392227,q99_9,122.50409456260192,10533,7038
0.006022300024942033,syn_dos,1113,1.0,2689977,25,1113,0,0.005205519270517257,2617348,2682349,2617348,2682349,0,0.0,2689977,0.9965694009084789,1.0,0.03301110161332419,0.0026095516710140654,1.0,0.99,0.9314522599037484,0.0034305990915210484,q99,52.49478668561498,9260,7038
0.006388116507006864,syn_dos,1113,1.0,2688987,26,1113,0,0.00520742579806686,2617348,2682349,2617348,2682349,0,0.0,2688987,0.9962026305952386,1.0,0.03301110161332419,0.0026105099173783625,1.0,0.99,0.9314522599037484,0.00379736940476142,q99_5,68.31547724378152,10250,7038
0.0065296394490582076,syn_dos,1113,1.0,2688604,30,1113,0,0.005208163748575487,2617348,2682349,2617348,2682349,0,0.0,2688604,0.9960607386457728,1.0,0.03301110161332419,0.0026108808217114882,1.0,0.99,0.9314522599037484,0.003939261354227139,q99_9,74.11827248900737,10633,7038
0.4187288362226294,active_wiretap,47739,1.0,1286753,146,47739,0,0.589314706919636,1234999,1300000,1234999,1300000,0,0.0,1286753,0.9971181087230099,0.25,0.3264523667289528,0.4177506562309245,1.0,0.9,0.3754597662156241,0.0028818912769901246,q99,21.51540829265648,3719,923216
0.41895786578777133,active_wiretap,47739,1.0,1286246,161,47739,0,0.5894100830024663,1234999,1300000,1234999,1300000,0,0.0,1286246,0.9967252292184565,0.25,0.3264523667289528,0.417846516482293,1.0,0.9,0.3754597662156241,0.0032747707815434972,q99_5,22.888373269954805,4226,923216
0.41921670985251763,active_wiretap,47739,1.0,1285673,175,47739,0,0.5895179120751061,1234999,1300000,1234999,1300000,0,0.0,1285673,0.9962812056363873,0.25,0.3264523667289528,0.41795490855357603,1.0,0.9,0.3754597662156241,0.003718794363612694,q99_9,24.35467375021399,4799,923216
0.4187288362226294,active_wiretap,47739,1.0,1286753,146,47739,0,0.589314706919636,1234999,1300000,1234999,1300000,0,0.0,1286753,0.9971181087230099,0.5,0.3264523667289528,0.4177506562309245,1.0,0.9,0.3754597662156241,0.0028818912769901246,q99,19.01540829717821,3719,923216
0.41895786578777133,active_wiretap,47739,1.0,1286246,161,47739,0,0.5894100830024663,1234999,1300000,1234999,1300000,0,0.0,1286246,0.9967252292184565,0.5,0.3264523667289528,0.417846516482293,1.0,0.9,0.3754597662156241,0.0032747707815434972,q99_5,20.38837326995633,4226,923216
0.41921806505704506,active_wiretap,47739,1.0,1285670,176,47739,0,0.5895184767290464,1234999,1300000,1234999,1300000,0,0.0,1285670,0.9962788809055911,0.5,0.3264523667289528,0.41795547619931495,1.0,0.9,0.3754597662156241,0.0037211190944088676,q99_9,21.85664623451373,4802,923216
0.4187681371539259,active_wiretap,47739,1.0,1286666,151,47739,0,0.5893310710357608,1234999,1300000,1234999,1300000,0,0.0,1286666,0.9970506915299209,1.0,0.3264523667289528,0.4177671024968754,1.0,0.9,0.3754597662156241,0.0029493084700791647,q99,14.186320392074883,3806,923216
0.41896554528009367,active_wiretap,47739,1.0,1286229,161,47739,0,0.5894132815520096,1234999,1300000,1234999,1300000,0,0.0,1286229,0.9967120557439448,1.0,0.3264523667289528,0.4178497314936557,1.0,0.9,0.3754597662156241,0.003287944256055149,q99_5,15.451834473075195,4243,923216
0.4192270997538949,active_wiretap,47739,1.0,1285650,177,47739,0,0.5895222411162926,1234999,1300000,1234999,1300000,0,0.0,1285650,0.9962633827002834,1.0,0.3264523667289528,0.41795926054364546,1.0,0.9,0.3754597662156241,0.0037366172997166927,q99_9,16.91061214573535,4822,923216
0.41824051085789865,active_wiretap,47739,1.0,1287834,82,47739,0,0.5891114538459722,1234999,1300000,1234999,1300000,0,0.0,1287834,0.9979557867198978,0.25,0.31274147750616266,0.41754641459939845,1.0,0.95,0.33699662916114154,0.002044213280102164,q99,37.62981580992868,2638,923216
0.41840674927993465,active_wiretap,47739,1.0,1287466,85,47739,0,0.5891806306395422,1234999,1300000,1234999,1300000,0,0.0,1287466,0.9976706197422338,0.25,0.31274147750616266,0.41761592124059455,1.0,0.95,0.33699662916114154,0.0023293802577661507,q99_5,39.9936804399845,3006,923216
0.4186660450795234,active_wiretap,47739,1.0,1286892,100,47739,0,0.5892885638382752,1234999,1300000,1234999,1300000,0,0.0,1286892,0.9972258212498992,0.25,0.31274147750616266,0.41772438269984996,1.0,0.95,0.33699662916114154,0.0027741787501007384,q99_9,43.55210573729438,3580,923216
0.41824051085789865,active_wiretap,47739,1.0,1287834,82,47739,0,0.5891114538459722,1234999,1300000,1234999,1300000,0,0.0,1287834,0.9979557867198978,0.5,0.31274147750616266,0.41754641459939845,1.0,0.95,0.33699662916114154,0.002044213280102164,q99,32.630210038932034,2638,923216
0.41840674927993465,active_wiretap,47739,1.0,1287466,85,47739,0,0.5891806306395422,1234999,1300000,1234999,1300000,0,0.0,1287466,0.9976706197422338,0.5,0.31274147750616266,0.41761592124059455,1.0,0.95,0.33699662916114154,0.0023293802577661507,q99_5,34.99368046025245,3006,923216
0.4186660450795234,active_wiretap,47739,1.0,1286892,100,47739,0,0.5892885638382752,1234999,1300000,1234999,1300000,0,0.0,1286892,0.9972258212498992,0.5,0.31274147750616266,0.41772438269984996,1.0,0.95,0.33699662916114154,0.0027741787501007384,q99_9,38.55310819663543,3580,923216
0.41827529444077033,active_wiretap,47739,1.0,1287757,82,47739,0,0.5891259269941921,1234999,1300000,1234999,1300000,0,0.0,1287757,0.9978961186294627,1.0,0.31274147750616266,0.4175609561943995,1.0,0.95,0.33699662916114154,0.002103881370537292,q99,23.244498598013376,2715,923216
0.4184392741885939,active_wiretap,47739,1.0,1287394,89,47739,0,0.5891941671298917,1234999,1300000,1234999,1300000,0,0.0,1287394,0.9976148262031257,1.0,0.31274147750616266,0.41762952307281703,1.0,0.95,0.33699662916114154,0.002385173796874322,q99_5,25.537270660497025,3078,923216
0.41868456620806543,active_wiretap,47739,1.0,1286851,101,47739,0,0.589296274865692,1234999,1300000,1234999,1300000,0,0.0,1286851,0.9971940499290182,1.0,0.31274147750616266,0.4177321321027824,1.0,0.95,0.33699662916114154,0.00280595007098178,q99_9,28.764980442792375,3621,923216
0.4172105554170235,active_wiretap,47739,1.0,1290114,3,47739,0,0.5886832203321742,1234999,1300000,1234999,1300000,0,0.0,1290114,0.9997225821249899,0.25,0.29663158196341866,0.4171162908377874,1.0,0.99,0.268286693692188,0.00027741787501007385,q99,127.343806923498,358,923216
0.417254373696745,active_wiretap,47739,1.0,1290017,7,47739,0,0.5887014263582797,1234999,1300000,1234999,1300000,0,0.0,1290017,0.999647415829247,0.25,0.29663158196341866,0.4171345719135762,1.0,0.99,0.268286693692188,0.0003525841707530268,q99_5,136.63958447803287,455,923216
0.4173311686199681,active_wiretap,47739,1.0,1289847,18,47739,0,0.5887333365430818,1234999,1300000,1234999,1300000,0,0.0,1289847,0.9995156810841305,0.25,0.29663158196341866,0.4171666147777989,1.0,0.99,0.268286693692188,0.0004843189158695423,q99_9,145.35031002027264,625,923216
0.4172105554170235,active_wiretap,47739,1.0,1290114,3,47739,0,0.5886832203321742,1234999,1300000,1234999,1300000,0,0.0,1290114,0.9997225821249899,0.5,0.29663158196341866,0.4171162908377874,1.0,0.99,0.268286693692188,0.00027741787501007385,q99,102.34380692444478,358,923216
0.417254373696745,active_wiretap,47739,1.0,1290017,7,47739,0,0.5887014263582797,1234999,1300000,1234999,1300000,0,0.0,1290017,0.999647415829247,0.5,0.29663158196341866,0.4171345719135762,1.0,0.99,0.268286693692188,0.0003525841707530268,q99_5,111.64247421747147,455,923216
0.4173311686199681,active_wiretap,47739,1.0,1289847,18,47739,0,0.5887333365430818,1234999,1300000,1234999,1300000,0,0.0,1289847,0.9995156810841305,0.5,0.29663158196341866,0.4171666147777989,1.0,0.99,0.268286693692188,0.0004843189158695423,q99_9,120.35365353693338,625,923216
0.41721416929576344,active_wiretap,47739,1.0,1290106,3,47739,0,0.5886847218174943,1234999,1300000,1234999,1300000,0,0.0,1290106,0.9997163828428668,1.0,0.29663158196341866,0.41711779849475134,1.0,0.99,0.268286693692188,0.00028361715713320397,q99,54.2874484570973,366,923216
0.4172905124841441,active_wiretap,47739,1.0,1289937,9,47739,0,0.5887164424849244,1234999,1300000,1234999,1300000,0,0.0,1289937,0.9995854230080157,1.0,0.29663158196341866,0.41714965029530265,1.0,0.99,0.268286693692188,0.0004145769919843282,q99_5,66.98550292717596,535,923216
0.41743009855047325,active_wiretap,47739,1.0,1289628,22,47739,0,0.5887744494684413,1234999,1300000,1234999,1300000,0,0.0,1289628,0.9993459757360098,1.0,0.29663158196341866,0.41720790078288394,1.0,0.99,0.268286693692188,0.00065402426399023,q99_9,76.93229346052408,844,923216
0.36130739121169714,ssdp_flood,10324,1.0,2562604,263,10324,0,0.5290899428352175,2548441,2613442,2548441,2613442,0,0.0,2562604,0.9960908180284926,0.25,0.996838686009678,0.3597024442507736,1.0,0.9,0.9988161201643976,0.003909181971507323,q99,38.830362808122906,10057,1439604
0.3626091496947485,ssdp_flood,10324,1.0,2557381,364,10324,0,0.5295982462533033,2548441,2613442,2548441,2613442,0,0.0,2557381,0.9940606243885223,0.25,0.996838686009678,0.36017248000680513,1.0,0.9,0.9988161201643976,0.005939375611477765,q99_5,53.88062162558871,15280,1439604
0.3660991983331111,ssdp_flood,10324,1.0,2543378,628,10324,0,0.5309658528237267,2548441,2613442,2548441,2613442,0,0.0,2543378,0.9886176219875064,0.25,0.996838686009678,0.36143874112411256,1.0,0.9,0.9988161201643976,0.011382378012493678,q99_9,90.02189552577788,29283,1439604
0.361313372870436,ssdp_flood,10324,1.0,2562580,270,10324,0,0.5290922762886022,2548441,2613442,2548441,2613442,0,0.0,2562580,0.9960814891662757,0.5,0.996838686009678,0.35970460128769693,1.0,0.9,0.9988161201643976,0.003918510833724303,q99,36.396861205728065,10081,1439604
0.3626089004589677,ssdp_flood,10324,1.0,2557382,364,10324,0,0.5295981488396219,2548441,2613442,2548441,2613442,0,0.0,2557382,0.9940610130911146,0.5,0.996838686009678,0.3601723898957865,1.0,0.9,0.9988161201643976,0.005938986908885392,q99_5,51.38062162558871,15279,1439604
0.3660991983331111,ssdp_flood,10324,1.0,2543378,628,10324,0,0.5309658528237267,2548441,2613442,2548441,2613442,0,0.0,2543378,0.9886176219875064,0.5,0.996838686009678,0.36143874112411256,1.0,0.9,0.9988161201643976,0.011382378012493678,q99_9,87.52189552577788,29283,1439604
0.361328576253064,ssdp_flood,10324,1.0,2562519,272,10324,0,0.5290982072419289,2548441,2613442,2548441,2613442,0,0.0,2562519,0.9960577783081409,1.0,0.996838686009678,0.3597100838729844,1.0,0.9,0.9988161201643976,0.003942221691859129,q99,31.6323784489869,10142,1439604
0.36260790351584454,ssdp_flood,10324,1.0,2557386,364,10324,0,0.5295977591852545,2548441,2613442,2548441,2613442,0,0.0,2557386,0.9940625679014841,1.0,0.996838686009678,0.36017202945216276,1.0,0.9,0.9988161201643976,0.0059374320985158945,q99_5,46.38062162679583,15275,1439604
0.3660991983331111,ssdp_flood,10324,1.0,2543378,628,10324,0,0.5309658528237267,2548441,2613442,2548441,2613442,0,0.0,2543378,0.9886176219875064,1.0,0.996838686009678,0.36143874112411256,1.0,0.9,0.9988161201643976,0.011382378012493678,q99_9,82.52189552577825,29283,1439604
0.3606229897576556,ssdp_flood,10324,1.0,2565350,123,10324,0,0.5288230927101888,2548441,2613442,2548441,2613442,0,0.0,2565350,0.9971581953471522,0.25,0.9951954728136548,0.3594558139743927,1.0,0.95,0.9983732428112124,0.0028418046528477714,q99,63.96956563190552,7311,1439604
0.3612014660048626,ssdp_flood,10324,1.0,2563029,141,10324,0,0.529048624674008,2548441,2613442,2548441,2613442,0,0.0,2563029,0.9962560166302518,0.25,0.9951954728136548,0.3596642510067748,1.0,0.95,0.9983732428112124,0.0037439833697482877,q99_5,82.9396751342623,9632,1439604
0.3640759022646809,ssdp_flood,10324,1.0,2551496,329,10324,0,0.530172147110209,2548441,2613442,2548441,2613442,0,0.0,2551496,0.9917731096324001,0.25,0.9951954728136548,0.3607035654330886,1.0,0.95,0.9983732428112124,0.008226890367599929,q99_9,149.03671426090148,21165,1439604
0.3606229897576556,ssdp_flood,10324,1.0,2565350,123,10324,0,0.5288230927101888,2548441,2613442,2548441,2613442,0,0.0,2565350,0.9971581953471522,0.5,0.9951954728136548,0.3594558139743927,1.0,0.95,0.9983732428112124,0.0028418046528477714,q99,58.96956563554875,7311,1439604
0.36120221371220496,ssdp_flood,10324,1.0,2563026,143,10324,0,0.5290489163090011,2548441,2613442,2548441,2613442,0,0.0,2563026,0.9962548505224746,0.5,0.9951954728136548,0.35966452057772014,1.0,0.95,0.9983732428112124,0.0037451494775254104,q99_5,77.98714255905963,9635,1439604
0.3640759022646809,ssdp_flood,10324,1.0,2551496,329,10324,0,0.530172147110209,2548441,2613442,2548441,2613442,0,0.0,2551496,0.9917731096324001,0.5,0.9951954728136548,0.3607035654330886,1.0,0.95,0.9983732428112124,0.008226890367599929,q99_9,144.03671426090145,21165,1439604
0.36066062436055446,ssdp_flood,10324,1.0,2565199,120,10324,0,0.5288377595576524,2548441,2613442,2548441,2613442,0,0.0,2565199,0.9970995012557037,1.0,0.9951954728136548,0.35946936715738576,1.0,0.95,0.9983732428112124,0.0029004987442962753,q99,50.07817959581412,7462,1439604
0.36121342932234035,ssdp_flood,10324,1.0,2562981,146,10324,0,0.529053290872478,2548441,2613442,2548441,2613442,0,0.0,2562981,0.9962373589058178,1.0,0.9951954728136548,0.35966856419039195,1.0,0.95,0.9983732428112124,0.0037626410941822494,q99_5,68.31428158076888,9680,1439604
0.3640759022646809,ssdp_flood,10324,1.0,2551496,329,10324,0,0.530172147110209,2548441,2613442,2548441,2613442,0,0.0,2551496,0.9917731096324001,1.0,0.9951954728136548,0.3607035654330886,1.0,0.95,0.9983732428112124,0.008226890367599929,q99_9,134.03671426296975,21165,1439604
0.35971851310917896,ssdp_flood,10324,1.0,2568979,34,10324,0,0.5284708472745153,2548441,2613442,2548441,2613442,0,0.0,2568979,0.9985687970548782,0.25,0.9920306369183396,0.3591303959528841,1.0,0.99,0.9975253862360696,0.001431202945121802,q99,228.51901839774214,3682,1439604
0.3602112522477952,ssdp_flood,10324,1.0,2567002,31,10324,0,0.5286626846926579,2548441,2613442,2548441,2613442,0,0.0,2567002,0.9978003320297544,0.25,0.9920306369183396,0.3593076034928316,1.0,0.99,0.9975253862360696,0.002199667970245594,q99_5,266.47755418313506,5659,1439604
0.36087596407515454,ssdp_flood,10324,1.0,2564335,29,10324,0,0.5289216967699162,2548441,2613442,2548441,2613442,0,0.0,2564335,0.9967636622158924,0.25,0.9920306369183396,0.35954693615462174,1.0,0.99,0.9975253862360696,0.0032363377841075837,q99_9,412.82415478720395,8326,1439604
0.35971851310917896,ssdp_flood,10324,1.0,2568979,34,10324,0,0.5284708472745153,2548441,2613442,2548441,2613442,0,0.0,2568979,0.9985687970548782,0.5,0.9920306369183396,0.3591303959528841,1.0,0.99,0.9975253862360696,0.001431202945121802,q99,203.51901839775053,3682,1439604
0.3602112522477952,ssdp_flood,10324,1.0,2567002,31,10324,0,0.5286626846926579,2548441,2613442,2548441,2613442,0,0.0,2567002,0.9978003320297544,0.5,0.9920306369183396,0.3593076034928316,1.0,0.99,0.9975253862360696,0.002199667970245594,q99_5,241.47755418314546,5659,1439604
0.36087596407515454,ssdp_flood,10324,1.0,2564335,29,10324,0,0.5289216967699162,2548441,2613442,2548441,2613442,0,0.0,2564335,0.9967636622158924,0.5,0.9920306369183396,0.35954693615462174,1.0,0.99,0.9975253862360696,0.0032363377841075837,q99_9,387.8241547872095,8326,1439604
0.35971851310917896,ssdp_flood,10324,1.0,2568979,34,10324,0,0.5284708472745153,2548441,2613442,2548441,2613442,0,0.0,2568979,0.9985687970548782,1.0,0.9920306369183396,0.3591303959528841,1.0,0.99,0.9975253862360696,0.001431202945121802,q99,153.54809448535548,3682,1439604
0.3602112522477952,ssdp_flood,10324,1.0,2567002,31,10324,0,0.5286626846926579,2548441,2613442,2548441,2613442,0,0.0,2567002,0.9978003320297544,1.0,0.9920306369183396,0.3593076034928316,1.0,0.99,0.9975253862360696,0.002199667970245594,q99_5,191.51388063398798,5659,1439604
0.36087596407515454,ssdp_flood,10324,1.0,2564335,29,10324,0,0.5289216967699162,2548441,2613442,2548441,2613442,0,0.0,2564335,0.9967636622158924,1.0,0.9920306369183396,0.35954693615462174,1.0,0.99,0.9975253862360696,0.0032363377841075837,q99_9,337.8432150440068,8326,1439604
0.04276231619174213,video_injection,17141,1.0,2304454,13,17141,0,0.08169034514308303,2066049,2131050,2066049,2131050,0,0.0,2304454,0.9998060654232004,0.25,0.046088509581030536,0.04258454568909322,1.0,0.9,0.5814735041542547,0.0001939345767996109,q99,12.029732047784863,447,102499
0.04281340865664202,video_injection,17141,1.0,2304331,16,17141,0,0.08169434936590618,2066049,2131050,2066049,2131050,0,0.0,2304331,0.999752700875222,0.25,0.046088509581030536,0.04258672195377322,1.0,0.9,0.5814735041542547,0.00024729912477802735,q99_5,12.508231455809044,570,102499
0.04293013209271413,video_injection,17141,1.0,2304050,20,17141,0,0.08170349869751395,2066049,2131050,2066049,2131050,0,0.0,2304050,0.9996307867452875,0.25,0.046088509581030536,0.04259169458008127,1.0,0.9,0.5814735041542547,0.0003692132547124584,q99_9,13.397664890443712,851,102499
0.04276231619174213,video_injection,17141,1.0,2304454,13,17141,0,0.08169034514308303,2066049,2131050,2066049,2131050,0,0.0,2304454,0.9998060654232004,0.5,0.046088509581030536,0.04258454568909322,1.0,0.9,0.5814735041542547,0.0001939345767996109,q99,9.529732047784863,447,102499
0.042815485586109495,video_injection,17141,1.0,2304326,16,17141,0,0.08169451214749471,2066049,2131050,2066049,2131050,0,0.0,2304326,0.9997505315846538,0.5,0.046088509581030536,0.042586810424521934,1.0,0.9,0.5814735041542547,0.00024946841534625563,q99_5,10.014505949635394,575,102499
0.04293013209271413,video_injection,17141,1.0,2304050,20,17141,0,0.08170349869751395,2066049,2131050,2066049,2131050,0,0.0,2304050,0.9996307867452875,0.5,0.046088509581030536,0.04259169458008127,1.0,0.9,0.5814735041542547,0.0003692132547124584,q99_9,10.897664890443712,851,102499
0.042762731577635625,video_injection,17141,1.0,2304453,13,17141,0,0.08169037769615745,2066049,2131050,2066049,2131050,0,0.0,2304453,0.9998056315650867,1.0,0.046088509581030536,0.0425845633814052,1.0,0.9,0.5814735041542547,0.00019436843491325658,q99,4.530561569192922,448,102499
0.042819639445044445,video_injection,17141,1.0,2304316,19,17141,0,0.08169483771261787,2066049,2131050,2066049,2131050,0,0.0,2304316,0.9997461930035173,1.0,0.046088509581030536,0.04258698736712211,1.0,0.9,0.5814735041542547,0.0002538069964827123,q99_5,5.029473099289394,585,102499
0.042960870648832764,video_injection,17141,1.0,2303976,18,17141,0,0.08170590847095267,2066049,2131050,2066049,2131050,0,0.0,2303976,0.9995986812448777,1.0,0.046088509581030536,0.0425930042905079,1.0,0.9,0.5814735041542547,0.00040131875512223737,q99_9,6.161407617943563,925,102499
0.04268671595912603,video_injection,17141,1.0,2304636,10,17141,0,0.0816844209155598,2066049,2131050,2066049,2131050,0,0.0,2304636,0.9998850275998838,0.25,0.04649508087872466,0.042581325933111355,1.0,0.95,0.582911854090915,0.00011497240011610043,q99,23.154286035372344,265,102499
0.042719116058818646,video_injection,17141,1.0,2304558,11,17141,0,0.08168695976499428,2066049,2131050,2066049,2131050,0,0.0,2304558,0.9998511866670196,0.25,0.04649508087872466,0.042582705768911995,1.0,0.95,0.582911854090915,0.00014881333298046208,q99_5,23.736397597767535,343,102499
0.04278848550303232,video_injection,17141,1.0,2304391,15,17141,0,0.08169239603744179,2066049,2131050,2066049,2131050,0,0.0,2304391,0.9997787323620407,0.25,0.04649508087872466,0.04258566033345936,1.0,0.95,0.582911854090915,0.00022126763795928762,q99_9,24.67857785879634,510,102499
0.04268754673091302,video_injection,17141,1.0,2304634,10,17141,0,0.08168448601229183,2066049,2131050,2066049,2131050,0,0.0,2304634,0.9998841598836566,0.5,0.04649508087872466,0.04258136131239944,1.0,0.95,0.582911854090915,0.00011584011634339175,q99,18.170497936085297,267,102499
0.04271953144471214,video_injection,17141,1.0,2304557,11,17141,0,0.08168699231537065,2066049,2131050,2066049,2131050,0,0.0,2304557,0.9998507528089059,0.5,0.04649508087872466,0.04258272345969516,1.0,0.95,0.582911854090915,0.00014924719109410772,q99_5,18.74896205528477,344,102499
0.04281008556949406,video_injection,17141,1.0,2304339,13,17141,0,0.08169408891671386,2066049,2131050,2066049,2131050,0,0.0,2304339,0.9997561717401311,0.5,0.04649508087872466,0.04258658040133985,1.0,0.95,0.582911854090915,0.00024382825986886205,q99_9,19.911330562453387,562,102499
0.04269086981806098,video_injection,17141,1.0,2304626,10,17141,0,0.08168474640025757,2066049,2131050,2066049,2131050,0,0.0,2304626,0.9998806890187475,1.0,0.04649508087872466,0.042581502830139686,1.0,0.95,0.582911854090915,0.00011931098125255705,q99,8.237844464095568,275,102499
0.04272368530364709,video_injection,17141,1.0,2304547,12,17141,0,0.08168731782056109,2066049,2131050,2066049,2131050,0,0.0,2304547,0.9998464142277694,1.0,0.04649508087872466,0.04258290036833529,1.0,0.95,0.582911854090915,0.00015358577223056435,q99_5,8.809893638766244,354,102499
0.04294923984381491,video_injection,17141,1.0,2304004,10,17141,0,0.08170499664806961,2066049,2131050,2066049,2131050,0,0.0,2304004,0.9996108292720598,1.0,0.04649508087872466,0.04259250871492784,1.0,0.95,0.582911854090915,0.0003891707279401588,q99_9,12.116028072992554,897,102499
0.04257663869734984,video_injection,17141,1.0,2304901,1,17141,0,0.08167579651611478,2066049,2131050,2066049,2131050,0,0.0,2304901,1.0,0.25,0.03467203596879954,0.04257663869734984,1.0,0.99,0.4240288953974544,0.0,q99,107.77975700273359,0,102499
0.0425799617844978,video_injection,17141,1.0,2304893,2,17141,0,0.08167605684868387,2066049,2131050,2066049,2131050,0,0.0,2304893,0.9999965291350909,0.25,0.03467203596879954,0.04257678018370087,1.0,0.99,0.4240288953974544,3.470864909165296e-06,q99_5,109.6785870397356,8,102499
0.04260114646506605,video_injection,17141,1.0,2304842,4,17141,0,0.0816777165078252,2066049,2131050,2066049,2131050,0,0.0,2304842,0.9999744023712949,0.25,0.03467203596879954,0.04257768218129463,1.0,0.99,0.4240288953974544,2.5597628705094058e-05,q99_9,112.5605084694027,59,102499
0.04257663869734984,video_injection,17141,1.0,2304901,1,17141,0,0.08167579651611478,2066049,2131050,2066049,2131050,0,0.0,2304901,1.0,0.5,0.03467203596879954,0.04257663869734984,1.0,0.99,0.4240288953974544,0.0,q99,82.77975700273518,0,102499
0.0425799617844978,video_injection,17141,1.0,2304893,2,17141,0,0.08167605684868387,2066049,2131050,2066049,2131050,0,0.0,2304893,0.9999965291350909,0.5,0.03467203596879954,0.04257678018370087,1.0,0.99,0.4240288953974544,3.470864909165296e-06,q99_5,84.67858703973674,8,102499
0.04260114646506605,video_injection,17141,1.0,2304842,4,17141,0,0.0816777165078252,2066049,2131050,2066049,2131050,0,0.0,2304842,0.9999744023712949,0.5,0.03467203596879954,0.04257768218129463,1.0,0.99,0.4240288953974544,2.5597628705094058e-05,q99_9,87.5605084694034,59,102499
0.04257663869734984,video_injection,17141,1.0,2304901,1,17141,0,0.08167579651611478,2066049,2131050,2066049,2131050,0,0.0,2304901,1.0,1.0,0.03467203596879954,0.04257663869734984,1.0,0.99,0.4240288953974544,0.0,q99,32.77979313790122,0,102499
0.0425799617844978,video_injection,17141,1.0,2304893,2,17141,0,0.08167605684868387,2066049,2131050,2066049,2131050,0,0.0,2304893,0.9999965291350909,1.0,0.03467203596879954,0.04257678018370087,1.0,0.99,0.4240288953974544,3.470864909165296e-06,q99_5,34.678613211374156,8,102499
0.04260114646506605,video_injection,17141,1.0,2304842,4,17141,0,0.0816777165078252,2066049,2131050,2066049,2131050,0,0.0,2304842,0.9999744023712949,1.0,0.03467203596879954,0.04257768218129463,1.0,0.99,0.4240288953974544,2.5597628705094058e-05,q99_9,37.560523657268064,59,102499
